filepath,label,class_name
C:\Users\super\OneDrive - Wichita State University\Summer26\Homework1\images\input\Homework3\Fish\Cray\Cray_19.jpg,1,Cray
C:\Users\super\OneDrive - Wichita State University\Summer26\Homework1\images\input\Homework3\Fish\Discuss\Discuss_143.png,2,Discuss
C:\Users\super\OneDrive - Wichita State University\Summer26\Homework1\images\input\Homework3\Fish\Gold\Gold_118.jpg,3,Gold
C:\Users\super\OneDrive - Wichita State University\Summer26\Homework1\images\input\Homework3\Fish\Gold\Gold_135.jpg,3,Gold
C:\Users\super\OneDrive - Wichita State University\Summer26\Homework1\images\input\Homework3\Fish\Oscar\Oscar_75.jpg,5,Oscar
C:\Users\super\OneDrive - Wichita State University\Summer26\Homework1\images\input\Homework3\Fish\Beta\Bete_75.jpg,0,Beta
C:\Users\super\OneDrive - Wichita State University\Summer26\Homework1\images\input\Homework3\Fish\Guppy\Guppy_21.jpg,4,Guppy
C:\Users\super\OneDrive - Wichita State University\Summer26\Homework1\images\input\Homework3\Fish\Guppy\Guppy_88.jpg,4,Guppy
C:\Users\super\OneDrive - Wichita State University\Summer26\Homework1\images\input\Homework3\Fish\Cray\Cray_5.jpg,1,Cray
C:\Users\super\OneDrive - Wichita State University\Summer26\Homework1\images\input\Homework3\Fish\Oscar\Oscar_109.jpg,5,Oscar
C:\Users\super\OneDrive - Wichita State University\Summer26\Homework1\images\input\Homework3\Fish\Cray\Cray_64.jpg,1,Cray
C:\Users\super\OneDrive - Wichita State University\Summer26\Homework1\images\input\Homework3\Fish\Gold\Gold_181.jpg,3,Gold
C:\Users\super\OneDrive - Wichita State University\Summer26\Homework1\images\input\Homework3\Fish\Guppy\Guppy_139.jpg,4,Guppy
C:\Users\super\OneDrive - Wichita State University\Summer26\Homework1\images\input\Homework3\Fish\Discuss\Discuss_23.jpg,2,Discuss
C:\Users\super\OneDrive - Wichita State University\Summer26\Homework1\images\input\Homework3\Fish\Oscar\Oscar_12.jpg,5,Oscar
C:\Users\super\OneDrive - Wichita State University\Summer26\Homework1\images\input\Homework3\Fish\Beta\Bete_43.jpg,0,Beta
C:\Users\super\OneDrive - Wichita State University\Summer26\Homework1\images\input\Homework3\Fish\Guppy\Guppy_64.png,4,Guppy
C:\Users\super\OneDrive - Wichita State University\Summer26\Homework1\images\input\Homework3\Fish\Oscar\Oscar_119.jpg,5,Oscar
C:\Users\super\OneDrive - Wichita State University\Summer26\Homework1\images\input\Homework3\Fish\Gold\Gold_190.jpg,3,Gold
C:\Users\super\OneDrive - Wichita State University\Summer26\Homework1\images\input\Homework3\Fish\Guppy\Guppy_75.png,4,Guppy
C:\Users\super\OneDrive - Wichita State University\Summer26\Homework1\images\input\Homework3\Fish\Cray\Cray_44.jpg,1,Cray
C:\Users\super\OneDrive - Wichita State University\Summer26\Homework1\images\input\Homework3\Fish\Gold\Gold_70.jpg,3,Gold
C:\Users\super\OneDrive - Wichita State University\Summer26\Homework1\images\input\Homework3\Fish\Guppy\Guppy_61.png,4,Guppy
C:\Users\super\OneDrive - Wichita State University\Summer26\Homework1\images\input\Homework3\Fish\Guppy\Guppy_57.jpg,4,Guppy
C:\Users\super\OneDrive - Wichita State University\Summer26\Homework1\images\input\Homework3\Fish\Discuss\Discuss_160.jpg,2,Discuss
C:\Users\super\OneDrive - Wichita State University\Summer26\Homework1\images\input\Homework3\Fish\Guppy\Guppy_123.jpg,4,Guppy
C:\Users\super\OneDrive - Wichita State University\Summer26\Homework1\images\input\Homework3\Fish\Gold\Gold_194.jpg,3,Gold
C:\Users\super\OneDrive - Wichita State University\Summer26\Homework1\images\input\Homework3\Fish\Gold\Gold_121.jpg,3,Gold
C:\Users\super\OneDrive - Wichita State University\Summer26\Homework1\images\input\Homework3\Fish\Gold\Gold_92.jpg,3,Gold
C:\Users\super\OneDrive - Wichita State University\Summer26\Homework1\images\input\Homework3\Fish\Gold\Gold_62.jpg,3,Gold
C:\Users\super\OneDrive - Wichita State University\Summer26\Homework1\images\input\Homework3\Fish\Guppy\Guppy_28.jpg,4,Guppy
C:\Users\super\OneDrive - Wichita State University\Summer26\Homework1\images\input\Homework3\Fish\Oscar\Oscar_10.jpg,5,Oscar
C:\Users\super\OneDrive - Wichita State University\Summer26\Homework1\images\input\Homework3\Fish\Beta\Bete_14.jpg,0,Beta
C:\Users\super\OneDrive - Wichita State University\Summer26\Homework1\images\input\Homework3\Fish\Cray\Cray_60.jpg,1,Cray
C:\Users\super\OneDrive - Wichita State University\Summer26\Homework1\images\input\Homework3\Fish\Guppy\Guppy_67.jpg,4,Guppy
C:\Users\super\OneDrive - Wichita State University\Summer26\Homework1\images\input\Homework3\Fish\Guppy\Guppy_12.jpg,4,Guppy
C:\Users\super\OneDrive - Wichita State University\Summer26\Homework1\images\input\Homework3\Fish\Guppy\Guppy_143.jpg,4,Guppy
C:\Users\super\OneDrive - Wichita State University\Summer26\Homework1\images\input\Homework3\Fish\Gold\Gold_195.jpg,3,Gold
C:\Users\super\OneDrive - Wichita State University\Summer26\Homework1\images\input\Homework3\Fish\Gold\Gold_203.jpg,3,Gold
C:\Users\super\OneDrive - Wichita State University\Summer26\Homework1\images\input\Homework3\Fish\Oscar\Oscar_116.jpg,5,Oscar
C:\Users\super\OneDrive - Wichita State University\Summer26\Homework1\images\input\Homework3\Fish\Gold\Gold_104.jpg,3,Gold
C:\Users\super\OneDrive - Wichita State University\Summer26\Homework1\images\input\Homework3\Fish\Gold\Gold_189.jpg,3,Gold
C:\Users\super\OneDrive - Wichita State University\Summer26\Homework1\images\input\Homework3\Fish\Beta\Bete_71.jpg,0,Beta
C:\Users\super\OneDrive - Wichita State University\Summer26\Homework1\images\input\Homework3\Fish\Discuss\Discuss_98.jpg,2,Discuss
C:\Users\super\OneDrive - Wichita State University\Summer26\Homework1\images\input\Homework3\Fish\Beta\Bete_35.jpg,0,Beta
C:\Users\super\OneDrive - Wichita State University\Summer26\Homework1\images\input\Homework3\Fish\Gold\Gold_22.jpg,3,Gold
C:\Users\super\OneDrive - Wichita State University\Summer26\Homework1\images\input\Homework3\Fish\Gold\Gold_71.jpg,3,Gold
C:\Users\super\OneDrive - Wichita State University\Summer26\Homework1\images\input\Homework3\Fish\Guppy\Guppy_81.jpg,4,Guppy
C:\Users\super\OneDrive - Wichita State University\Summer26\Homework1\images\input\Homework3\Fish\Guppy\Guppy_32.jpg,4,Guppy
C:\Users\super\OneDrive - Wichita State University\Summer26\Homework1\images\input\Homework3\Fish\Oscar\Oscar_122.png,5,Oscar
C:\Users\super\OneDrive - Wichita State University\Summer26\Homework1\images\input\Homework3\Fish\Gold\Gold_42.jpg,3,Gold
C:\Users\super\OneDrive - Wichita State University\Summer26\Homework1\images\input\Homework3\Fish\Oscar\Oscar_107.jpg,5,Oscar
C:\Users\super\OneDrive - Wichita State University\Summer26\Homework1\images\input\Homework3\Fish\Discuss\Discuss_52.jpg,2,Discuss
C:\Users\super\OneDrive - Wichita State University\Summer26\Homework1\images\input\Homework3\Fish\Beta\Bete_82.jpg,0,Beta
C:\Users\super\OneDrive - Wichita State University\Summer26\Homework1\images\input\Homework3\Fish\Discuss\Discuss_158.jpg,2,Discuss
C:\Users\super\OneDrive - Wichita State University\Summer26\Homework1\images\input\Homework3\Fish\Guppy\Guppy_29.jpg,4,Guppy
C:\Users\super\OneDrive - Wichita State University\Summer26\Homework1\images\input\Homework3\Fish\Beta\Bete_44.jpg,0,Beta
C:\Users\super\OneDrive - Wichita State University\Summer26\Homework1\images\input\Homework3\Fish\Discuss\Discuss_107.jpg,2,Discuss
C:\Users\super\OneDrive - Wichita State University\Summer26\Homework1\images\input\Homework3\Fish\Oscar\Oscar_99.jpg,5,Oscar
C:\Users\super\OneDrive - Wichita State University\Summer26\Homework1\images\input\Homework3\Fish\Oscar\Oscar_69.jpg,5,Oscar
C:\Users\super\OneDrive - Wichita State University\Summer26\Homework1\images\input\Homework3\Fish\Discuss\Discuss_84.jpg,2,Discuss
C:\Users\super\OneDrive - Wichita State University\Summer26\Homework1\images\input\Homework3\Fish\Discuss\Discuss_133.jpg,2,Discuss
C:\Users\super\OneDrive - Wichita State University\Summer26\Homework1\images\input\Homework3\Fish\Gold\Gold_25.jpg,3,Gold
C:\Users\super\OneDrive - Wichita State University\Summer26\Homework1\images\input\Homework3\Fish\Discuss\Discuss_130.jpg,2,Discuss
C:\Users\super\OneDrive - Wichita State University\Summer26\Homework1\images\input\Homework3\Fish\Oscar\Oscar_126.jpg,5,Oscar
C:\Users\super\OneDrive - Wichita State University\Summer26\Homework1\images\input\Homework3\Fish\Discuss\Discuss_35.jpg,2,Discuss
C:\Users\super\OneDrive - Wichita State University\Summer26\Homework1\images\input\Homework3\Fish\Gold\Gold_77.jpg,3,Gold
C:\Users\super\OneDrive - Wichita State University\Summer26\Homework1\images\input\Homework3\Fish\Guppy\Guppy_63.png,4,Guppy
C:\Users\super\OneDrive - Wichita State University\Summer26\Homework1\images\input\Homework3\Fish\Oscar\Oscar_93.jpg,5,Oscar
C:\Users\super\OneDrive - Wichita State University\Summer26\Homework1\images\input\Homework3\Fish\Oscar\Oscar_125.jpg,5,Oscar
C:\Users\super\OneDrive - Wichita State University\Summer26\Homework1\images\input\Homework3\Fish\Oscar\Oscar_137.png,5,Oscar
C:\Users\super\OneDrive - Wichita State University\Summer26\Homework1\images\input\Homework3\Fish\Guppy\Guppy_135.jpg,4,Guppy
C:\Users\super\OneDrive - Wichita State University\Summer26\Homework1\images\input\Homework3\Fish\Guppy\Guppy_36.jpg,4,Guppy
C:\Users\super\OneDrive - Wichita State University\Summer26\Homework1\images\input\Homework3\Fish\Discuss\Discuss_136.jpg,2,Discuss
C:\Users\super\OneDrive - Wichita State University\Summer26\Homework1\images\input\Homework3\Fish\Discuss\Discuss_57.jpg,2,Discuss
C:\Users\super\OneDrive - Wichita State University\Summer26\Homework1\images\input\Homework3\Fish\Discuss\Discuss_148.jpg,2,Discuss
C:\Users\super\OneDrive - Wichita State University\Summer26\Homework1\images\input\Homework3\Fish\Beta\Bete_172.jpg,0,Beta
C:\Users\super\OneDrive - Wichita State University\Summer26\Homework1\images\input\Homework3\Fish\Discuss\Discuss_173.jpg,2,Discuss
C:\Users\super\OneDrive - Wichita State University\Summer26\Homework1\images\input\Homework3\Fish\Beta\Bete_154.jpg,0,Beta
C:\Users\super\OneDrive - Wichita State University\Summer26\Homework1\images\input\Homework3\Fish\Discuss\Discuss_38.jpg,2,Discuss
C:\Users\super\OneDrive - Wichita State University\Summer26\Homework1\images\input\Homework3\Fish\Gold\Gold_51.jpg,3,Gold
C:\Users\super\OneDrive - Wichita State University\Summer26\Homework1\images\input\Homework3\Fish\Gold\Gold_162.jpg,3,Gold
C:\Users\super\OneDrive - Wichita State University\Summer26\Homework1\images\input\Homework3\Fish\Discuss\Discuss_146.jpg,2,Discuss
C:\Users\super\OneDrive - Wichita State University\Summer26\Homework1\images\input\Homework3\Fish\Discuss\Discuss_137.jpg,2,Discuss
C:\Users\super\OneDrive - Wichita State University\Summer26\Homework1\images\input\Homework3\Fish\Gold\Gold_143.jpg,3,Gold
C:\Users\super\OneDrive - Wichita State University\Summer26\Homework1\images\input\Homework3\Fish\Gold\Gold_26.jpg,3,Gold
C:\Users\super\OneDrive - Wichita State University\Summer26\Homework1\images\input\Homework3\Fish\Beta\Bete_158.jpg,0,Beta
C:\Users\super\OneDrive - Wichita State University\Summer26\Homework1\images\input\Homework3\Fish\Cray\Cray_29.jpg,1,Cray
C:\Users\super\OneDrive - Wichita State University\Summer26\Homework1\images\input\Homework3\Fish\Oscar\Oscar_73.jpg,5,Oscar
C:\Users\super\OneDrive - Wichita State University\Summer26\Homework1\images\input\Homework3\Fish\Oscar\Oscar_14.jpg,5,Oscar
C:\Users\super\OneDrive - Wichita State University\Summer26\Homework1\images\input\Homework3\Fish\Beta\Bete_24.jpg,0,Beta
C:\Users\super\OneDrive - Wichita State University\Summer26\Homework1\images\input\Homework3\Fish\Discuss\Discuss_87.jpg,2,Discuss
C:\Users\super\OneDrive - Wichita State University\Summer26\Homework1\images\input\Homework3\Fish\Gold\Gold_148.jpg,3,Gold
C:\Users\super\OneDrive - Wichita State University\Summer26\Homework1\images\input\Homework3\Fish\Gold\Gold_163.jpg,3,Gold
C:\Users\super\OneDrive - Wichita State University\Summer26\Homework1\images\input\Homework3\Fish\Oscar\Oscar_38.jpg,5,Oscar
C:\Users\super\OneDrive - Wichita State University\Summer26\Homework1\images\input\Homework3\Fish\Oscar\Oscar_100.jpg,5,Oscar
C:\Users\super\OneDrive - Wichita State University\Summer26\Homework1\images\input\Homework3\Fish\Guppy\Guppy_51.png,4,Guppy
C:\Users\super\OneDrive - Wichita State University\Summer26\Homework1\images\input\Homework3\Fish\Gold\Gold_180.jpg,3,Gold
C:\Users\super\OneDrive - Wichita State University\Summer26\Homework1\images\input\Homework3\Fish\Gold\Gold_149.jpg,3,Gold
C:\Users\super\OneDrive - Wichita State University\Summer26\Homework1\images\input\Homework3\Fish\Oscar\Oscar_44.jpg,5,Oscar
C:\Users\super\OneDrive - Wichita State University\Summer26\Homework1\images\input\Homework3\Fish\Gold\Gold_43.jpg,3,Gold
C:\Users\super\OneDrive - Wichita State University\Summer26\Homework1\images\input\Homework3\Fish\Beta\Bete_54.jpg,0,Beta
C:\Users\super\OneDrive - Wichita State University\Summer26\Homework1\images\input\Homework3\Fish\Guppy\Guppy_77.jpg,4,Guppy
C:\Users\super\OneDrive - Wichita State University\Summer26\Homework1\images\input\Homework3\Fish\Guppy\Guppy_20.jpg,4,Guppy
C:\Users\super\OneDrive - Wichita State University\Summer26\Homework1\images\input\Homework3\Fish\Beta\Bete_5.jpg,0,Beta
C:\Users\super\OneDrive - Wichita State University\Summer26\Homework1\images\input\Homework3\Fish\Beta\Bete_119.jpg,0,Beta
C:\Users\super\OneDrive - Wichita State University\Summer26\Homework1\images\input\Homework3\Fish\Oscar\Oscar_3.jpg,5,Oscar
C:\Users\super\OneDrive - Wichita State University\Summer26\Homework1\images\input\Homework3\Fish\Cray\Cray_15.jpg,1,Cray
C:\Users\super\OneDrive - Wichita State University\Summer26\Homework1\images\input\Homework3\Fish\Discuss\Discuss_170.png,2,Discuss
C:\Users\super\OneDrive - Wichita State University\Summer26\Homework1\images\input\Homework3\Fish\Guppy\Guppy_110.jpg,4,Guppy
C:\Users\super\OneDrive - Wichita State University\Summer26\Homework1\images\input\Homework3\Fish\Gold\Gold_125.jpg,3,Gold
C:\Users\super\OneDrive - Wichita State University\Summer26\Homework1\images\input\Homework3\Fish\Gold\Gold_24.jpg,3,Gold
C:\Users\super\OneDrive - Wichita State University\Summer26\Homework1\images\input\Homework3\Fish\Gold\Gold_28.jpg,3,Gold
C:\Users\super\OneDrive - Wichita State University\Summer26\Homework1\images\input\Homework3\Fish\Beta\Bete_188.jpg,0,Beta
C:\Users\super\OneDrive - Wichita State University\Summer26\Homework1\images\input\Homework3\Fish\Beta\Bete_190.jpg,0,Beta
C:\Users\super\OneDrive - Wichita State University\Summer26\Homework1\images\input\Homework3\Fish\Beta\Bete_109.jpg,0,Beta
C:\Users\super\OneDrive - Wichita State University\Summer26\Homework1\images\input\Homework3\Fish\Beta\Bete_92.jpg,0,Beta
C:\Users\super\OneDrive - Wichita State University\Summer26\Homework1\images\input\Homework3\Fish\Guppy\Guppy_138.jpg,4,Guppy
C:\Users\super\OneDrive - Wichita State University\Summer26\Homework1\images\input\Homework3\Fish\Beta\Bete_39.jpg,0,Beta
C:\Users\super\OneDrive - Wichita State University\Summer26\Homework1\images\input\Homework3\Fish\Gold\Gold_83.jpg,3,Gold
C:\Users\super\OneDrive - Wichita State University\Summer26\Homework1\images\input\Homework3\Fish\Discuss\Discuss_69.jpg,2,Discuss
C:\Users\super\OneDrive - Wichita State University\Summer26\Homework1\images\input\Homework3\Fish\Gold\Gold_47.jpg,3,Gold
C:\Users\super\OneDrive - Wichita State University\Summer26\Homework1\images\input\Homework3\Fish\Guppy\Guppy_99.jpg,4,Guppy
C:\Users\super\OneDrive - Wichita State University\Summer26\Homework1\images\input\Homework3\Fish\Discuss\Discuss_189.jpg,2,Discuss
C:\Users\super\OneDrive - Wichita State University\Summer26\Homework1\images\input\Homework3\Fish\Oscar\Oscar_13.jpg,5,Oscar
C:\Users\super\OneDrive - Wichita State University\Summer26\Homework1\images\input\Homework3\Fish\Gold\Gold_95.jpg,3,Gold
C:\Users\super\OneDrive - Wichita State University\Summer26\Homework1\images\input\Homework3\Fish\Gold\Gold_172.jpg,3,Gold
C:\Users\super\OneDrive - Wichita State University\Summer26\Homework1\images\input\Homework3\Fish\Guppy\Guppy_46.png,4,Guppy
C:\Users\super\OneDrive - Wichita State University\Summer26\Homework1\images\input\Homework3\Fish\Gold\Gold_116.jpg,3,Gold
C:\Users\super\OneDrive - Wichita State University\Summer26\Homework1\images\input\Homework3\Fish\Discuss\Discuss_28.jpg,2,Discuss
C:\Users\super\OneDrive - Wichita State University\Summer26\Homework1\images\input\Homework3\Fish\Guppy\Guppy_126.jpg,4,Guppy
C:\Users\super\OneDrive - Wichita State University\Summer26\Homework1\images\input\Homework3\Fish\Discuss\Discuss_102.jpg,2,Discuss
C:\Users\super\OneDrive - Wichita State University\Summer26\Homework1\images\input\Homework3\Fish\Gold\Gold_186.jpg,3,Gold
C:\Users\super\OneDrive - Wichita State University\Summer26\Homework1\images\input\Homework3\Fish\Discuss\Discuss_115.jpg,2,Discuss
C:\Users\super\OneDrive - Wichita State University\Summer26\Homework1\images\input\Homework3\Fish\Guppy\Guppy_159.jpg,4,Guppy
C:\Users\super\OneDrive - Wichita State University\Summer26\Homework1\images\input\Homework3\Fish\Discuss\Discuss_77.jpg,2,Discuss
C:\Users\super\OneDrive - Wichita State University\Summer26\Homework1\images\input\Homework3\Fish\Discuss\Discuss_19.jpg,2,Discuss
C:\Users\super\OneDrive - Wichita State University\Summer26\Homework1\images\input\Homework3\Fish\Guppy\Guppy_24.jpg,4,Guppy
C:\Users\super\OneDrive - Wichita State University\Summer26\Homework1\images\input\Homework3\Fish\Cray\Cray_48.jpg,1,Cray
C:\Users\super\OneDrive - Wichita State University\Summer26\Homework1\images\input\Homework3\Fish\Cray\Cray_28.jpg,1,Cray
C:\Users\super\OneDrive - Wichita State University\Summer26\Homework1\images\input\Homework3\Fish\Oscar\Oscar_84.jpg,5,Oscar
C:\Users\super\OneDrive - Wichita State University\Summer26\Homework1\images\input\Homework3\Fish\Beta\Bete_30.jpg,0,Beta
C:\Users\super\OneDrive - Wichita State University\Summer26\Homework1\images\input\Homework3\Fish\Beta\Bete_145.jpg,0,Beta
C:\Users\super\OneDrive - Wichita State University\Summer26\Homework1\images\input\Homework3\Fish\Gold\Gold_152.jpg,3,Gold
C:\Users\super\OneDrive - Wichita State University\Summer26\Homework1\images\input\Homework3\Fish\Guppy\Guppy_72.png,4,Guppy
C:\Users\super\OneDrive - Wichita State University\Summer26\Homework1\images\input\Homework3\Fish\Gold\Gold_177.jpg,3,Gold
C:\Users\super\OneDrive - Wichita State University\Summer26\Homework1\images\input\Homework3\Fish\Beta\Bete_81.jpg,0,Beta
C:\Users\super\OneDrive - Wichita State University\Summer26\Homework1\images\input\Homework3\Fish\Discuss\Discuss_195.jpg,2,Discuss
C:\Users\super\OneDrive - Wichita State University\Summer26\Homework1\images\input\Homework3\Fish\Cray\Cray_23.jpg,1,Cray
C:\Users\super\OneDrive - Wichita State University\Summer26\Homework1\images\input\Homework3\Fish\Guppy\Guppy_58.jpg,4,Guppy
C:\Users\super\OneDrive - Wichita State University\Summer26\Homework1\images\input\Homework3\Fish\Discuss\Discuss_135.jpg,2,Discuss
C:\Users\super\OneDrive - Wichita State University\Summer26\Homework1\images\input\Homework3\Fish\Beta\Bete_95.jpg,0,Beta
C:\Users\super\OneDrive - Wichita State University\Summer26\Homework1\images\input\Homework3\Fish\Gold\Gold_34.jpg,3,Gold
C:\Users\super\OneDrive - Wichita State University\Summer26\Homework1\images\input\Homework3\Fish\Discuss\Discuss_166.jpg,2,Discuss
C:\Users\super\OneDrive - Wichita State University\Summer26\Homework1\images\input\Homework3\Fish\Oscar\Oscar_77.jpg,5,Oscar
C:\Users\super\OneDrive - Wichita State University\Summer26\Homework1\images\input\Homework3\Fish\Beta\Bete_50.jpg,0,Beta
C:\Users\super\OneDrive - Wichita State University\Summer26\Homework1\images\input\Homework3\Fish\Gold\Gold_106.jpg,3,Gold
C:\Users\super\OneDrive - Wichita State University\Summer26\Homework1\images\input\Homework3\Fish\Guppy\Guppy_65.png,4,Guppy
C:\Users\super\OneDrive - Wichita State University\Summer26\Homework1\images\input\Homework3\Fish\Discuss\Discuss_31.jpg,2,Discuss
C:\Users\super\OneDrive - Wichita State University\Summer26\Homework1\images\input\Homework3\Fish\Beta\Bete_120.jpg,0,Beta
C:\Users\super\OneDrive - Wichita State University\Summer26\Homework1\images\input\Homework3\Fish\Beta\Bete_53.jpg,0,Beta
C:\Users\super\OneDrive - Wichita State University\Summer26\Homework1\images\input\Homework3\Fish\Guppy\Guppy_179.jpg,4,Guppy
C:\Users\super\OneDrive - Wichita State University\Summer26\Homework1\images\input\Homework3\Fish\Guppy\Guppy_153.jpg,4,Guppy
C:\Users\super\OneDrive - Wichita State University\Summer26\Homework1\images\input\Homework3\Fish\Oscar\Oscar_104.jpg,5,Oscar
C:\Users\super\OneDrive - Wichita State University\Summer26\Homework1\images\input\Homework3\Fish\Beta\Bete_47.jpg,0,Beta
C:\Users\super\OneDrive - Wichita State University\Summer26\Homework1\images\input\Homework3\Fish\Guppy\Guppy_106.jpg,4,Guppy
C:\Users\super\OneDrive - Wichita State University\Summer26\Homework1\images\input\Homework3\Fish\Gold\Gold_123.jpg,3,Gold
C:\Users\super\OneDrive - Wichita State University\Summer26\Homework1\images\input\Homework3\Fish\Discuss\Discuss_109.jpg,2,Discuss
C:\Users\super\OneDrive - Wichita State University\Summer26\Homework1\images\input\Homework3\Fish\Discuss\Discuss_138.jpg,2,Discuss
C:\Users\super\OneDrive - Wichita State University\Summer26\Homework1\images\input\Homework3\Fish\Beta\Bete_15.jpg,0,Beta
C:\Users\super\OneDrive - Wichita State University\Summer26\Homework1\images\input\Homework3\Fish\Discuss\Discuss_51.jpg,2,Discuss
C:\Users\super\OneDrive - Wichita State University\Summer26\Homework1\images\input\Homework3\Fish\Guppy\Guppy_161.jpg,4,Guppy
C:\Users\super\OneDrive - Wichita State University\Summer26\Homework1\images\input\Homework3\Fish\Discuss\Discuss_8.jpg,2,Discuss
C:\Users\super\OneDrive - Wichita State University\Summer26\Homework1\images\input\Homework3\Fish\Beta\Bete_183.jpg,0,Beta
C:\Users\super\OneDrive - Wichita State University\Summer26\Homework1\images\input\Homework3\Fish\Beta\Bete_133.jpg,0,Beta
C:\Users\super\OneDrive - Wichita State University\Summer26\Homework1\images\input\Homework3\Fish\Beta\Bete_116.jpg,0,Beta
C:\Users\super\OneDrive - Wichita State University\Summer26\Homework1\images\input\Homework3\Fish\Gold\Gold_54.jpg,3,Gold
C:\Users\super\OneDrive - Wichita State University\Summer26\Homework1\images\input\Homework3\Fish\Beta\Bete_128.jpg,0,Beta
C:\Users\super\OneDrive - Wichita State University\Summer26\Homework1\images\input\Homework3\Fish\Gold\Gold_110.jpg,3,Gold
C:\Users\super\OneDrive - Wichita State University\Summer26\Homework1\images\input\Homework3\Fish\Oscar\Oscar_112.png,5,Oscar
C:\Users\super\OneDrive - Wichita State University\Summer26\Homework1\images\input\Homework3\Fish\Discuss\Discuss_30.jpg,2,Discuss
C:\Users\super\OneDrive - Wichita State University\Summer26\Homework1\images\input\Homework3\Fish\Beta\Bete_76.jpg,0,Beta
C:\Users\super\OneDrive - Wichita State University\Summer26\Homework1\images\input\Homework3\Fish\Beta\Bete_169.jpg,0,Beta
C:\Users\super\OneDrive - Wichita State University\Summer26\Homework1\images\input\Homework3\Fish\Cray\Cray_21.jpg,1,Cray
C:\Users\super\OneDrive - Wichita State University\Summer26\Homework1\images\input\Homework3\Fish\Oscar\Oscar_86.jpg,5,Oscar
C:\Users\super\OneDrive - Wichita State University\Summer26\Homework1\images\input\Homework3\Fish\Discuss\Discuss_114.jpg,2,Discuss
C:\Users\super\OneDrive - Wichita State University\Summer26\Homework1\images\input\Homework3\Fish\Gold\Gold_21.jpg,3,Gold
C:\Users\super\OneDrive - Wichita State University\Summer26\Homework1\images\input\Homework3\Fish\Discuss\Discuss_43.jpg,2,Discuss
C:\Users\super\OneDrive - Wichita State University\Summer26\Homework1\images\input\Homework3\Fish\Gold\Gold_196.jpg,3,Gold
C:\Users\super\OneDrive - Wichita State University\Summer26\Homework1\images\input\Homework3\Fish\Oscar\Oscar_131.png,5,Oscar
C:\Users\super\OneDrive - Wichita State University\Summer26\Homework1\images\input\Homework3\Fish\Discuss\Discuss_181.jpg,2,Discuss
C:\Users\super\OneDrive - Wichita State University\Summer26\Homework1\images\input\Homework3\Fish\Guppy\Guppy_160.jpg,4,Guppy
C:\Users\super\OneDrive - Wichita State University\Summer26\Homework1\images\input\Homework3\Fish\Discuss\Discuss_196.jpg,2,Discuss
C:\Users\super\OneDrive - Wichita State University\Summer26\Homework1\images\input\Homework3\Fish\Guppy\Guppy_18.jpg,4,Guppy
C:\Users\super\OneDrive - Wichita State University\Summer26\Homework1\images\input\Homework3\Fish\Beta\Bete_19.jpg,0,Beta
C:\Users\super\OneDrive - Wichita State University\Summer26\Homework1\images\input\Homework3\Fish\Discuss\Discuss_168.jpg,2,Discuss
C:\Users\super\OneDrive - Wichita State University\Summer26\Homework1\images\input\Homework3\Fish\Beta\Bete_139.jpg,0,Beta
C:\Users\super\OneDrive - Wichita State University\Summer26\Homework1\images\input\Homework3\Fish\Guppy\Guppy_105.jpg,4,Guppy
C:\Users\super\OneDrive - Wichita State University\Summer26\Homework1\images\input\Homework3\Fish\Discuss\Discuss_78.jpg,2,Discuss
C:\Users\super\OneDrive - Wichita State University\Summer26\Homework1\images\input\Homework3\Fish\Guppy\Guppy_166.jpg,4,Guppy
C:\Users\super\OneDrive - Wichita State University\Summer26\Homework1\images\input\Homework3\Fish\Discuss\Discuss_194.jpg,2,Discuss
C:\Users\super\OneDrive - Wichita State University\Summer26\Homework1\images\input\Homework3\Fish\Beta\Bete_122.jpg,0,Beta
C:\Users\super\OneDrive - Wichita State University\Summer26\Homework1\images\input\Homework3\Fish\Guppy\Guppy_142.jpg,4,Guppy
C:\Users\super\OneDrive - Wichita State University\Summer26\Homework1\images\input\Homework3\Fish\Guppy\Guppy_74.png,4,Guppy
C:\Users\super\OneDrive - Wichita State University\Summer26\Homework1\images\input\Homework3\Fish\Beta\Bete_94.jpg,0,Beta
C:\Users\super\OneDrive - Wichita State University\Summer26\Homework1\images\input\Homework3\Fish\Oscar\Oscar_54.jpg,5,Oscar
C:\Users\super\OneDrive - Wichita State University\Summer26\Homework1\images\input\Homework3\Fish\Beta\Bete_173.jpg,0,Beta
C:\Users\super\OneDrive - Wichita State University\Summer26\Homework1\images\input\Homework3\Fish\Cray\Cray_37.jpg,1,Cray
C:\Users\super\OneDrive - Wichita State University\Summer26\Homework1\images\input\Homework3\Fish\Gold\Gold_52.jpg,3,Gold
C:\Users\super\OneDrive - Wichita State University\Summer26\Homework1\images\input\Homework3\Fish\Oscar\Oscar_39.jpg,5,Oscar
C:\Users\super\OneDrive - Wichita State University\Summer26\Homework1\images\input\Homework3\Fish\Discuss\Discuss_99.jpg,2,Discuss
C:\Users\super\OneDrive - Wichita State University\Summer26\Homework1\images\input\Homework3\Fish\Gold\Gold_45.jpg,3,Gold
C:\Users\super\OneDrive - Wichita State University\Summer26\Homework1\images\input\Homework3\Fish\Guppy\Guppy_69.png,4,Guppy
C:\Users\super\OneDrive - Wichita State University\Summer26\Homework1\images\input\Homework3\Fish\Cray\Cray_47.jpg,1,Cray
C:\Users\super\OneDrive - Wichita State University\Summer26\Homework1\images\input\Homework3\Fish\Beta\Bete_177.jpg,0,Beta
C:\Users\super\OneDrive - Wichita State University\Summer26\Homework1\images\input\Homework3\Fish\Discuss\Discuss_41.jpg,2,Discuss
C:\Users\super\OneDrive - Wichita State University\Summer26\Homework1\images\input\Homework3\Fish\Gold\Gold_139.jpg,3,Gold
C:\Users\super\OneDrive - Wichita State University\Summer26\Homework1\images\input\Homework3\Fish\Guppy\Guppy_37.jpg,4,Guppy
C:\Users\super\OneDrive - Wichita State University\Summer26\Homework1\images\input\Homework3\Fish\Beta\Bete_1.jpg,0,Beta
C:\Users\super\OneDrive - Wichita State University\Summer26\Homework1\images\input\Homework3\Fish\Oscar\Oscar_58.jpg,5,Oscar
C:\Users\super\OneDrive - Wichita State University\Summer26\Homework1\images\input\Homework3\Fish\Guppy\Guppy_109.jpg,4,Guppy
C:\Users\super\OneDrive - Wichita State University\Summer26\Homework1\images\input\Homework3\Fish\Guppy\Guppy_152.jpg,4,Guppy
C:\Users\super\OneDrive - Wichita State University\Summer26\Homework1\images\input\Homework3\Fish\Discuss\Discuss_76.jpg,2,Discuss
C:\Users\super\OneDrive - Wichita State University\Summer26\Homework1\images\input\Homework3\Fish\Discuss\Discuss_180.jpg,2,Discuss
C:\Users\super\OneDrive - Wichita State University\Summer26\Homework1\images\input\Homework3\Fish\Discuss\Discuss_46.jpg,2,Discuss
C:\Users\super\OneDrive - Wichita State University\Summer26\Homework1\images\input\Homework3\Fish\Beta\Bete_160.jpg,0,Beta
C:\Users\super\OneDrive - Wichita State University\Summer26\Homework1\images\input\Homework3\Fish\Beta\Bete_62.jpg,0,Beta
C:\Users\super\OneDrive - Wichita State University\Summer26\Homework1\images\input\Homework3\Fish\Gold\Gold_88.jpg,3,Gold
C:\Users\super\OneDrive - Wichita State University\Summer26\Homework1\images\input\Homework3\Fish\Gold\Gold_132.jpg,3,Gold
C:\Users\super\OneDrive - Wichita State University\Summer26\Homework1\images\input\Homework3\Fish\Cray\Cray_34.jpg,1,Cray
C:\Users\super\OneDrive - Wichita State University\Summer26\Homework1\images\input\Homework3\Fish\Oscar\Oscar_37.jpg,5,Oscar
C:\Users\super\OneDrive - Wichita State University\Summer26\Homework1\images\input\Homework3\Fish\Guppy\Guppy_83.jpg,4,Guppy
C:\Users\super\OneDrive - Wichita State University\Summer26\Homework1\images\input\Homework3\Fish\Discuss\Discuss_25.jpg,2,Discuss
C:\Users\super\OneDrive - Wichita State University\Summer26\Homework1\images\input\Homework3\Fish\Beta\Bete_124.jpg,0,Beta
C:\Users\super\OneDrive - Wichita State University\Summer26\Homework1\images\input\Homework3\Fish\Beta\Bete_48.jpg,0,Beta
C:\Users\super\OneDrive - Wichita State University\Summer26\Homework1\images\input\Homework3\Fish\Beta\Bete_6.jpg,0,Beta
C:\Users\super\OneDrive - Wichita State University\Summer26\Homework1\images\input\Homework3\Fish\Discuss\Discuss_10.jpg,2,Discuss
C:\Users\super\OneDrive - Wichita State University\Summer26\Homework1\images\input\Homework3\Fish\Guppy\Guppy_182.jpg,4,Guppy
C:\Users\super\OneDrive - Wichita State University\Summer26\Homework1\images\input\Homework3\Fish\Oscar\Oscar_123.jpg,5,Oscar
C:\Users\super\OneDrive - Wichita State University\Summer26\Homework1\images\input\Homework3\Fish\Beta\Bete_187.jpg,0,Beta
C:\Users\super\OneDrive - Wichita State University\Summer26\Homework1\images\input\Homework3\Fish\Gold\Gold_178.jpg,3,Gold
C:\Users\super\OneDrive - Wichita State University\Summer26\Homework1\images\input\Homework3\Fish\Beta\Bete_100.jpg,0,Beta
C:\Users\super\OneDrive - Wichita State University\Summer26\Homework1\images\input\Homework3\Fish\Discuss\Discuss_42.jpg,2,Discuss
C:\Users\super\OneDrive - Wichita State University\Summer26\Homework1\images\input\Homework3\Fish\Discuss\Discuss_11.jpg,2,Discuss
C:\Users\super\OneDrive - Wichita State University\Summer26\Homework1\images\input\Homework3\Fish\Beta\Bete_68.jpg,0,Beta
C:\Users\super\OneDrive - Wichita State University\Summer26\Homework1\images\input\Homework3\Fish\Discuss\Discuss_176.jpg,2,Discuss
C:\Users\super\OneDrive - Wichita State University\Summer26\Homework1\images\input\Homework3\Fish\Guppy\Guppy_111.jpg,4,Guppy
C:\Users\super\OneDrive - Wichita State University\Summer26\Homework1\images\input\Homework3\Fish\Guppy\Guppy_131.jpg,4,Guppy
C:\Users\super\OneDrive - Wichita State University\Summer26\Homework1\images\input\Homework3\Fish\Beta\Bete_131.jpg,0,Beta
C:\Users\super\OneDrive - Wichita State University\Summer26\Homework1\images\input\Homework3\Fish\Beta\Bete_80.jpg,0,Beta
C:\Users\super\OneDrive - Wichita State University\Summer26\Homework1\images\input\Homework3\Fish\Gold\Gold_98.jpg,3,Gold
C:\Users\super\OneDrive - Wichita State University\Summer26\Homework1\images\input\Homework3\Fish\Guppy\Guppy_170.jpg,4,Guppy
C:\Users\super\OneDrive - Wichita State University\Summer26\Homework1\images\input\Homework3\Fish\Oscar\Oscar_16.jpg,5,Oscar
C:\Users\super\OneDrive - Wichita State University\Summer26\Homework1\images\input\Homework3\Fish\Guppy\Guppy_90.jpg,4,Guppy
C:\Users\super\OneDrive - Wichita State University\Summer26\Homework1\images\input\Homework3\Fish\Cray\Cray_35.jpg,1,Cray
C:\Users\super\OneDrive - Wichita State University\Summer26\Homework1\images\input\Homework3\Fish\Guppy\Guppy_167.jpg,4,Guppy
C:\Users\super\OneDrive - Wichita State University\Summer26\Homework1\images\input\Homework3\Fish\Discuss\Discuss_159.jpg,2,Discuss
C:\Users\super\OneDrive - Wichita State University\Summer26\Homework1\images\input\Homework3\Fish\Guppy\Guppy_85.jpg,4,Guppy
C:\Users\super\OneDrive - Wichita State University\Summer26\Homework1\images\input\Homework3\Fish\Gold\Gold_151.jpg,3,Gold
C:\Users\super\OneDrive - Wichita State University\Summer26\Homework1\images\input\Homework3\Fish\Cray\Cray_36.jpg,1,Cray
C:\Users\super\OneDrive - Wichita State University\Summer26\Homework1\images\input\Homework3\Fish\Gold\Gold_187.jpg,3,Gold
C:\Users\super\OneDrive - Wichita State University\Summer26\Homework1\images\input\Homework3\Fish\Oscar\Oscar_80.jpg,5,Oscar
C:\Users\super\OneDrive - Wichita State University\Summer26\Homework1\images\input\Homework3\Fish\Gold\Gold_30.jpg,3,Gold
C:\Users\super\OneDrive - Wichita State University\Summer26\Homework1\images\input\Homework3\Fish\Gold\Gold_55.jpg,3,Gold
C:\Users\super\OneDrive - Wichita State University\Summer26\Homework1\images\input\Homework3\Fish\Guppy\Guppy_164.jpg,4,Guppy
C:\Users\super\OneDrive - Wichita State University\Summer26\Homework1\images\input\Homework3\Fish\Cray\Cray_76.jpg,1,Cray
C:\Users\super\OneDrive - Wichita State University\Summer26\Homework1\images\input\Homework3\Fish\Beta\Bete_64.jpg,0,Beta
C:\Users\super\OneDrive - Wichita State University\Summer26\Homework1\images\input\Homework3\Fish\Guppy\Guppy_23.jpg,4,Guppy
C:\Users\super\OneDrive - Wichita State University\Summer26\Homework1\images\input\Homework3\Fish\Beta\Bete_136.jpg,0,Beta
C:\Users\super\OneDrive - Wichita State University\Summer26\Homework1\images\input\Homework3\Fish\Discuss\Discuss_127.jpg,2,Discuss
C:\Users\super\OneDrive - Wichita State University\Summer26\Homework1\images\input\Homework3\Fish\Gold\Gold_37.jpg,3,Gold
C:\Users\super\OneDrive - Wichita State University\Summer26\Homework1\images\input\Homework3\Fish\Gold\Gold_129.jpg,3,Gold
C:\Users\super\OneDrive - Wichita State University\Summer26\Homework1\images\input\Homework3\Fish\Discuss\Discuss_96.jpg,2,Discuss
C:\Users\super\OneDrive - Wichita State University\Summer26\Homework1\images\input\Homework3\Fish\Cray\Cray_72.jpg,1,Cray
C:\Users\super\OneDrive - Wichita State University\Summer26\Homework1\images\input\Homework3\Fish\Discuss\Discuss_26.jpg,2,Discuss
C:\Users\super\OneDrive - Wichita State University\Summer26\Homework1\images\input\Homework3\Fish\Discuss\Discuss_60.jpg,2,Discuss
C:\Users\super\OneDrive - Wichita State University\Summer26\Homework1\images\input\Homework3\Fish\Guppy\Guppy_185.jpg,4,Guppy
C:\Users\super\OneDrive - Wichita State University\Summer26\Homework1\images\input\Homework3\Fish\Gold\Gold_17.jpg,3,Gold
C:\Users\super\OneDrive - Wichita State University\Summer26\Homework1\images\input\Homework3\Fish\Discuss\Discuss_200.jpg,2,Discuss
C:\Users\super\OneDrive - Wichita State University\Summer26\Homework1\images\input\Homework3\Fish\Guppy\Guppy_94.jpg,4,Guppy
C:\Users\super\OneDrive - Wichita State University\Summer26\Homework1\images\input\Homework3\Fish\Discuss\Discuss_154.jpg,2,Discuss
C:\Users\super\OneDrive - Wichita State University\Summer26\Homework1\images\input\Homework3\Fish\Guppy\Guppy_124.jpg,4,Guppy
C:\Users\super\OneDrive - Wichita State University\Summer26\Homework1\images\input\Homework3\Fish\Discuss\Discuss_145.jpg,2,Discuss
C:\Users\super\OneDrive - Wichita State University\Summer26\Homework1\images\input\Homework3\Fish\Discuss\Discuss_191.jpg,2,Discuss
C:\Users\super\OneDrive - Wichita State University\Summer26\Homework1\images\input\Homework3\Fish\Discuss\Discuss_82.jpg,2,Discuss
C:\Users\super\OneDrive - Wichita State University\Summer26\Homework1\images\input\Homework3\Fish\Gold\Gold_61.jpg,3,Gold
C:\Users\super\OneDrive - Wichita State University\Summer26\Homework1\images\input\Homework3\Fish\Cray\Cray_69.jpg,1,Cray
C:\Users\super\OneDrive - Wichita State University\Summer26\Homework1\images\input\Homework3\Fish\Gold\Gold_108.jpg,3,Gold
C:\Users\super\OneDrive - Wichita State University\Summer26\Homework1\images\input\Homework3\Fish\Oscar\Oscar_21.jpg,5,Oscar
C:\Users\super\OneDrive - Wichita State University\Summer26\Homework1\images\input\Homework3\Fish\Discuss\Discuss_140.jpg,2,Discuss
C:\Users\super\OneDrive - Wichita State University\Summer26\Homework1\images\input\Homework3\Fish\Guppy\Guppy_82.jpg,4,Guppy
C:\Users\super\OneDrive - Wichita State University\Summer26\Homework1\images\input\Homework3\Fish\Guppy\Guppy_8.jpg,4,Guppy
C:\Users\super\OneDrive - Wichita State University\Summer26\Homework1\images\input\Homework3\Fish\Guppy\Guppy_52.png,4,Guppy
C:\Users\super\OneDrive - Wichita State University\Summer26\Homework1\images\input\Homework3\Fish\Oscar\Oscar_34.jpg,5,Oscar
C:\Users\super\OneDrive - Wichita State University\Summer26\Homework1\images\input\Homework3\Fish\Guppy\Guppy_45.png,4,Guppy
C:\Users\super\OneDrive - Wichita State University\Summer26\Homework1\images\input\Homework3\Fish\Cray\Cray_80.jpg,1,Cray
C:\Users\super\OneDrive - Wichita State University\Summer26\Homework1\images\input\Homework3\Fish\Cray\Cray_75.jpg,1,Cray
C:\Users\super\OneDrive - Wichita State University\Summer26\Homework1\images\input\Homework3\Fish\Guppy\Guppy_118.jpg,4,Guppy
C:\Users\super\OneDrive - Wichita State University\Summer26\Homework1\images\input\Homework3\Fish\Gold\Gold_198.jpg,3,Gold
C:\Users\super\OneDrive - Wichita State University\Summer26\Homework1\images\input\Homework3\Fish\Gold\Gold_155.jpg,3,Gold
C:\Users\super\OneDrive - Wichita State University\Summer26\Homework1\images\input\Homework3\Fish\Guppy\Guppy_40.png,4,Guppy
C:\Users\super\OneDrive - Wichita State University\Summer26\Homework1\images\input\Homework3\Fish\Gold\Gold_107.jpg,3,Gold
C:\Users\super\OneDrive - Wichita State University\Summer26\Homework1\images\input\Homework3\Fish\Guppy\Guppy_130.jpg,4,Guppy
C:\Users\super\OneDrive - Wichita State University\Summer26\Homework1\images\input\Homework3\Fish\Oscar\Oscar_74.jpg,5,Oscar
C:\Users\super\OneDrive - Wichita State University\Summer26\Homework1\images\input\Homework3\Fish\Gold\Gold_145.jpg,3,Gold
C:\Users\super\OneDrive - Wichita State University\Summer26\Homework1\images\input\Homework3\Fish\Discuss\Discuss_71.jpg,2,Discuss
C:\Users\super\OneDrive - Wichita State University\Summer26\Homework1\images\input\Homework3\Fish\Beta\Bete_27.jpg,0,Beta
C:\Users\super\OneDrive - Wichita State University\Summer26\Homework1\images\input\Homework3\Fish\Discuss\Discuss_9.jpg,2,Discuss
C:\Users\super\OneDrive - Wichita State University\Summer26\Homework1\images\input\Homework3\Fish\Oscar\Oscar_85.jpg,5,Oscar
C:\Users\super\OneDrive - Wichita State University\Summer26\Homework1\images\input\Homework3\Fish\Discuss\Discuss_21.jpg,2,Discuss
C:\Users\super\OneDrive - Wichita State University\Summer26\Homework1\images\input\Homework3\Fish\Cray\Cray_50.jpg,1,Cray
C:\Users\super\OneDrive - Wichita State University\Summer26\Homework1\images\input\Homework3\Fish\Guppy\Guppy_84.jpg,4,Guppy
C:\Users\super\OneDrive - Wichita State University\Summer26\Homework1\images\input\Homework3\Fish\Guppy\Guppy_186.png,4,Guppy
C:\Users\super\OneDrive - Wichita State University\Summer26\Homework1\images\input\Homework3\Fish\Gold\Gold_86.jpg,3,Gold
C:\Users\super\OneDrive - Wichita State University\Summer26\Homework1\images\input\Homework3\Fish\Discuss\Discuss_93.jpg,2,Discuss
C:\Users\super\OneDrive - Wichita State University\Summer26\Homework1\images\input\Homework3\Fish\Gold\Gold_127.jpg,3,Gold
C:\Users\super\OneDrive - Wichita State University\Summer26\Homework1\images\input\Homework3\Fish\Beta\Bete_104.jpg,0,Beta
C:\Users\super\OneDrive - Wichita State University\Summer26\Homework1\images\input\Homework3\Fish\Gold\Gold_60.jpg,3,Gold
C:\Users\super\OneDrive - Wichita State University\Summer26\Homework1\images\input\Homework3\Fish\Discuss\Discuss_40.jpg,2,Discuss
C:\Users\super\OneDrive - Wichita State University\Summer26\Homework1\images\input\Homework3\Fish\Beta\Bete_3.jpg,0,Beta
C:\Users\super\OneDrive - Wichita State University\Summer26\Homework1\images\input\Homework3\Fish\Discuss\Discuss_20.jpg,2,Discuss
C:\Users\super\OneDrive - Wichita State University\Summer26\Homework1\images\input\Homework3\Fish\Guppy\Guppy_47.png,4,Guppy
C:\Users\super\OneDrive - Wichita State University\Summer26\Homework1\images\input\Homework3\Fish\Oscar\Oscar_82.jpg,5,Oscar
C:\Users\super\OneDrive - Wichita State University\Summer26\Homework1\images\input\Homework3\Fish\Beta\Bete_28.jpg,0,Beta
C:\Users\super\OneDrive - Wichita State University\Summer26\Homework1\images\input\Homework3\Fish\Guppy\Guppy_134.jpg,4,Guppy
C:\Users\super\OneDrive - Wichita State University\Summer26\Homework1\images\input\Homework3\Fish\Oscar\Oscar_50.jpg,5,Oscar
C:\Users\super\OneDrive - Wichita State University\Summer26\Homework1\images\input\Homework3\Fish\Gold\Gold_191.jpg,3,Gold
C:\Users\super\OneDrive - Wichita State University\Summer26\Homework1\images\input\Homework3\Fish\Oscar\Oscar_71.jpg,5,Oscar
C:\Users\super\OneDrive - Wichita State University\Summer26\Homework1\images\input\Homework3\Fish\Gold\Gold_141.jpg,3,Gold
C:\Users\super\OneDrive - Wichita State University\Summer26\Homework1\images\input\Homework3\Fish\Discuss\Discuss_70.jpg,2,Discuss
C:\Users\super\OneDrive - Wichita State University\Summer26\Homework1\images\input\Homework3\Fish\Oscar\Oscar_102.jpg,5,Oscar
C:\Users\super\OneDrive - Wichita State University\Summer26\Homework1\images\input\Homework3\Fish\Gold\Gold_133.jpg,3,Gold
C:\Users\super\OneDrive - Wichita State University\Summer26\Homework1\images\input\Homework3\Fish\Gold\Gold_113.jpg,3,Gold
C:\Users\super\OneDrive - Wichita State University\Summer26\Homework1\images\input\Homework3\Fish\Gold\Gold_207.jpg,3,Gold
C:\Users\super\OneDrive - Wichita State University\Summer26\Homework1\images\input\Homework3\Fish\Oscar\Oscar_65.jpg,5,Oscar
C:\Users\super\OneDrive - Wichita State University\Summer26\Homework1\images\input\Homework3\Fish\Oscar\Oscar_141.png,5,Oscar
C:\Users\super\OneDrive - Wichita State University\Summer26\Homework1\images\input\Homework3\Fish\Beta\Bete_38.jpg,0,Beta
C:\Users\super\OneDrive - Wichita State University\Summer26\Homework1\images\input\Homework3\Fish\Guppy\Guppy_87.jpg,4,Guppy
C:\Users\super\OneDrive - Wichita State University\Summer26\Homework1\images\input\Homework3\Fish\Guppy\Guppy_114.jpg,4,Guppy
C:\Users\super\OneDrive - Wichita State University\Summer26\Homework1\images\input\Homework3\Fish\Guppy\Guppy_104.jpg,4,Guppy
C:\Users\super\OneDrive - Wichita State University\Summer26\Homework1\images\input\Homework3\Fish\Discuss\Discuss_36.jpg,2,Discuss
C:\Users\super\OneDrive - Wichita State University\Summer26\Homework1\images\input\Homework3\Fish\Beta\Bete_153.jpg,0,Beta
C:\Users\super\OneDrive - Wichita State University\Summer26\Homework1\images\input\Homework3\Fish\Guppy\Guppy_162.jpg,4,Guppy
C:\Users\super\OneDrive - Wichita State University\Summer26\Homework1\images\input\Homework3\Fish\Guppy\Guppy_60.png,4,Guppy
C:\Users\super\OneDrive - Wichita State University\Summer26\Homework1\images\input\Homework3\Fish\Guppy\Guppy_174.jpg,4,Guppy
C:\Users\super\OneDrive - Wichita State University\Summer26\Homework1\images\input\Homework3\Fish\Beta\Bete_176.jpg,0,Beta
C:\Users\super\OneDrive - Wichita State University\Summer26\Homework1\images\input\Homework3\Fish\Beta\Bete_58.jpg,0,Beta
C:\Users\super\OneDrive - Wichita State University\Summer26\Homework1\images\input\Homework3\Fish\Discuss\Discuss_178.jpg,2,Discuss
C:\Users\super\OneDrive - Wichita State University\Summer26\Homework1\images\input\Homework3\Fish\Beta\Bete_115.jpg,0,Beta
C:\Users\super\OneDrive - Wichita State University\Summer26\Homework1\images\input\Homework3\Fish\Beta\Bete_162.jpg,0,Beta
C:\Users\super\OneDrive - Wichita State University\Summer26\Homework1\images\input\Homework3\Fish\Cray\Cray_25.jpg,1,Cray
C:\Users\super\OneDrive - Wichita State University\Summer26\Homework1\images\input\Homework3\Fish\Beta\Bete_135.jpg,0,Beta
C:\Users\super\OneDrive - Wichita State University\Summer26\Homework1\images\input\Homework3\Fish\Guppy\Guppy_154.jpg,4,Guppy
C:\Users\super\OneDrive - Wichita State University\Summer26\Homework1\images\input\Homework3\Fish\Beta\Bete_65.jpg,0,Beta
C:\Users\super\OneDrive - Wichita State University\Summer26\Homework1\images\input\Homework3\Fish\Discuss\Discuss_157.jpg,2,Discuss
C:\Users\super\OneDrive - Wichita State University\Summer26\Homework1\images\input\Homework3\Fish\Oscar\Oscar_96.jpg,5,Oscar
C:\Users\super\OneDrive - Wichita State University\Summer26\Homework1\images\input\Homework3\Fish\Guppy\Guppy_156.jpg,4,Guppy
C:\Users\super\OneDrive - Wichita State University\Summer26\Homework1\images\input\Homework3\Fish\Gold\Gold_68.jpg,3,Gold
C:\Users\super\OneDrive - Wichita State University\Summer26\Homework1\images\input\Homework3\Fish\Oscar\Oscar_139.png,5,Oscar
C:\Users\super\OneDrive - Wichita State University\Summer26\Homework1\images\input\Homework3\Fish\Beta\Bete_127.jpg,0,Beta
C:\Users\super\OneDrive - Wichita State University\Summer26\Homework1\images\input\Homework3\Fish\Discuss\Discuss_165.jpg,2,Discuss
C:\Users\super\OneDrive - Wichita State University\Summer26\Homework1\images\input\Homework3\Fish\Beta\Bete_84.jpg,0,Beta
C:\Users\super\OneDrive - Wichita State University\Summer26\Homework1\images\input\Homework3\Fish\Gold\Gold_53.jpg,3,Gold
C:\Users\super\OneDrive - Wichita State University\Summer26\Homework1\images\input\Homework3\Fish\Guppy\Guppy_38.jpg,4,Guppy
C:\Users\super\OneDrive - Wichita State University\Summer26\Homework1\images\input\Homework3\Fish\Gold\Gold_35.jpg,3,Gold
C:\Users\super\OneDrive - Wichita State University\Summer26\Homework1\images\input\Homework3\Fish\Beta\Bete_140.jpg,0,Beta
C:\Users\super\OneDrive - Wichita State University\Summer26\Homework1\images\input\Homework3\Fish\Gold\Gold_31.jpg,3,Gold
C:\Users\super\OneDrive - Wichita State University\Summer26\Homework1\images\input\Homework3\Fish\Gold\Gold_40.jpg,3,Gold
C:\Users\super\OneDrive - Wichita State University\Summer26\Homework1\images\input\Homework3\Fish\Gold\Gold_111.jpg,3,Gold
C:\Users\super\OneDrive - Wichita State University\Summer26\Homework1\images\input\Homework3\Fish\Gold\Gold_140.jpg,3,Gold
C:\Users\super\OneDrive - Wichita State University\Summer26\Homework1\images\input\Homework3\Fish\Guppy\Guppy_9.jpg,4,Guppy
C:\Users\super\OneDrive - Wichita State University\Summer26\Homework1\images\input\Homework3\Fish\Guppy\Guppy_79.jpg,4,Guppy
C:\Users\super\OneDrive - Wichita State University\Summer26\Homework1\images\input\Homework3\Fish\Guppy\Guppy_71.png,4,Guppy
C:\Users\super\OneDrive - Wichita State University\Summer26\Homework1\images\input\Homework3\Fish\Guppy\Guppy_95.jpg,4,Guppy
C:\Users\super\OneDrive - Wichita State University\Summer26\Homework1\images\input\Homework3\Fish\Oscar\Oscar_79.jpg,5,Oscar
C:\Users\super\OneDrive - Wichita State University\Summer26\Homework1\images\input\Homework3\Fish\Discuss\Discuss_63.jpg,2,Discuss
C:\Users\super\OneDrive - Wichita State University\Summer26\Homework1\images\input\Homework3\Fish\Oscar\Oscar_47.jpg,5,Oscar
C:\Users\super\OneDrive - Wichita State University\Summer26\Homework1\images\input\Homework3\Fish\Discuss\Discuss_54.jpg,2,Discuss
C:\Users\super\OneDrive - Wichita State University\Summer26\Homework1\images\input\Homework3\Fish\Oscar\Oscar_8.jpg,5,Oscar
C:\Users\super\OneDrive - Wichita State University\Summer26\Homework1\images\input\Homework3\Fish\Gold\Gold_99.jpg,3,Gold
C:\Users\super\OneDrive - Wichita State University\Summer26\Homework1\images\input\Homework3\Fish\Cray\Cray_68.jpg,1,Cray
C:\Users\super\OneDrive - Wichita State University\Summer26\Homework1\images\input\Homework3\Fish\Beta\Bete_98.jpg,0,Beta
C:\Users\super\OneDrive - Wichita State University\Summer26\Homework1\images\input\Homework3\Fish\Guppy\Guppy_70.png,4,Guppy
C:\Users\super\OneDrive - Wichita State University\Summer26\Homework1\images\input\Homework3\Fish\Gold\Gold_158.jpg,3,Gold
C:\Users\super\OneDrive - Wichita State University\Summer26\Homework1\images\input\Homework3\Fish\Guppy\Guppy_42.png,4,Guppy
C:\Users\super\OneDrive - Wichita State University\Summer26\Homework1\images\input\Homework3\Fish\Discuss\Discuss_100.jpg,2,Discuss
C:\Users\super\OneDrive - Wichita State University\Summer26\Homework1\images\input\Homework3\Fish\Discuss\Discuss_89.jpg,2,Discuss
C:\Users\super\OneDrive - Wichita State University\Summer26\Homework1\images\input\Homework3\Fish\Oscar\Oscar_43.jpg,5,Oscar
C:\Users\super\OneDrive - Wichita State University\Summer26\Homework1\images\input\Homework3\Fish\Cray\Cray_17.jpg,1,Cray
C:\Users\super\OneDrive - Wichita State University\Summer26\Homework1\images\input\Homework3\Fish\Guppy\Guppy_177.jpg,4,Guppy
C:\Users\super\OneDrive - Wichita State University\Summer26\Homework1\images\input\Homework3\Fish\Cray\Cray_18.jpg,1,Cray
C:\Users\super\OneDrive - Wichita State University\Summer26\Homework1\images\input\Homework3\Fish\Guppy\Guppy_116.jpg,4,Guppy
C:\Users\super\OneDrive - Wichita State University\Summer26\Homework1\images\input\Homework3\Fish\Oscar\Oscar_127.jpg,5,Oscar
C:\Users\super\OneDrive - Wichita State University\Summer26\Homework1\images\input\Homework3\Fish\Discuss\Discuss_161.png,2,Discuss
C:\Users\super\OneDrive - Wichita State University\Summer26\Homework1\images\input\Homework3\Fish\Cray\Cray_55.jpg,1,Cray
C:\Users\super\OneDrive - Wichita State University\Summer26\Homework1\images\input\Homework3\Fish\Gold\Gold_41.jpg,3,Gold
C:\Users\super\OneDrive - Wichita State University\Summer26\Homework1\images\input\Homework3\Fish\Discuss\Discuss_33.jpg,2,Discuss
C:\Users\super\OneDrive - Wichita State University\Summer26\Homework1\images\input\Homework3\Fish\Guppy\Guppy_33.jpg,4,Guppy
C:\Users\super\OneDrive - Wichita State University\Summer26\Homework1\images\input\Homework3\Fish\Oscar\Oscar_55.jpg,5,Oscar
C:\Users\super\OneDrive - Wichita State University\Summer26\Homework1\images\input\Homework3\Fish\Cray\Cray_41.jpg,1,Cray
C:\Users\super\OneDrive - Wichita State University\Summer26\Homework1\images\input\Homework3\Fish\Discuss\Discuss_59.jpg,2,Discuss
C:\Users\super\OneDrive - Wichita State University\Summer26\Homework1\images\input\Homework3\Fish\Discuss\Discuss_164.jpg,2,Discuss
C:\Users\super\OneDrive - Wichita State University\Summer26\Homework1\images\input\Homework3\Fish\Oscar\Oscar_26.jpg,5,Oscar
C:\Users\super\OneDrive - Wichita State University\Summer26\Homework1\images\input\Homework3\Fish\Discuss\Discuss_74.jpg,2,Discuss
C:\Users\super\OneDrive - Wichita State University\Summer26\Homework1\images\input\Homework3\Fish\Oscar\Oscar_111.jpg,5,Oscar
C:\Users\super\OneDrive - Wichita State University\Summer26\Homework1\images\input\Homework3\Fish\Beta\Bete_22.jpg,0,Beta
C:\Users\super\OneDrive - Wichita State University\Summer26\Homework1\images\input\Homework3\Fish\Beta\Bete_185.jpg,0,Beta
C:\Users\super\OneDrive - Wichita State University\Summer26\Homework1\images\input\Homework3\Fish\Beta\Bete_32.jpg,0,Beta
C:\Users\super\OneDrive - Wichita State University\Summer26\Homework1\images\input\Homework3\Fish\Cray\Cray_52.jpg,1,Cray
C:\Users\super\OneDrive - Wichita State University\Summer26\Homework1\images\input\Homework3\Fish\Oscar\Oscar_106.jpg,5,Oscar
C:\Users\super\OneDrive - Wichita State University\Summer26\Homework1\images\input\Homework3\Fish\Gold\Gold_147.jpg,3,Gold
C:\Users\super\OneDrive - Wichita State University\Summer26\Homework1\images\input\Homework3\Fish\Cray\Cray_67.jpg,1,Cray
C:\Users\super\OneDrive - Wichita State University\Summer26\Homework1\images\input\Homework3\Fish\Gold\Gold_6.jpg,3,Gold
C:\Users\super\OneDrive - Wichita State University\Summer26\Homework1\images\input\Homework3\Fish\Guppy\Guppy_25.jpg,4,Guppy
C:\Users\super\OneDrive - Wichita State University\Summer26\Homework1\images\input\Homework3\Fish\Gold\Gold_93.jpg,3,Gold
C:\Users\super\OneDrive - Wichita State University\Summer26\Homework1\images\input\Homework3\Fish\Discuss\Discuss_95.jpg,2,Discuss
C:\Users\super\OneDrive - Wichita State University\Summer26\Homework1\images\input\Homework3\Fish\Gold\Gold_15.jpg,3,Gold
C:\Users\super\OneDrive - Wichita State University\Summer26\Homework1\images\input\Homework3\Fish\Cray\Cray_31.jpg,1,Cray
C:\Users\super\OneDrive - Wichita State University\Summer26\Homework1\images\input\Homework3\Fish\Discuss\Discuss_185.jpg,2,Discuss
C:\Users\super\OneDrive - Wichita State University\Summer26\Homework1\images\input\Homework3\Fish\Oscar\Oscar_51.jpg,5,Oscar
C:\Users\super\OneDrive - Wichita State University\Summer26\Homework1\images\input\Homework3\Fish\Discuss\Discuss_167.jpg,2,Discuss
C:\Users\super\OneDrive - Wichita State University\Summer26\Homework1\images\input\Homework3\Fish\Guppy\Guppy_136.jpg,4,Guppy
C:\Users\super\OneDrive - Wichita State University\Summer26\Homework1\images\input\Homework3\Fish\Beta\Bete_16.jpg,0,Beta
C:\Users\super\OneDrive - Wichita State University\Summer26\Homework1\images\input\Homework3\Fish\Guppy\Guppy_115.jpg,4,Guppy
C:\Users\super\OneDrive - Wichita State University\Summer26\Homework1\images\input\Homework3\Fish\Gold\Gold_4.jpg,3,Gold
C:\Users\super\OneDrive - Wichita State University\Summer26\Homework1\images\input\Homework3\Fish\Oscar\Oscar_40.jpg,5,Oscar
C:\Users\super\OneDrive - Wichita State University\Summer26\Homework1\images\input\Homework3\Fish\Guppy\Guppy_150.jpg,4,Guppy
C:\Users\super\OneDrive - Wichita State University\Summer26\Homework1\images\input\Homework3\Fish\Beta\Bete_55.jpg,0,Beta
C:\Users\super\OneDrive - Wichita State University\Summer26\Homework1\images\input\Homework3\Fish\Oscar\Oscar_83.jpg,5,Oscar
C:\Users\super\OneDrive - Wichita State University\Summer26\Homework1\images\input\Homework3\Fish\Cray\Cray_63.jpg,1,Cray
C:\Users\super\OneDrive - Wichita State University\Summer26\Homework1\images\input\Homework3\Fish\Guppy\Guppy_50.png,4,Guppy
C:\Users\super\OneDrive - Wichita State University\Summer26\Homework1\images\input\Homework3\Fish\Beta\Bete_161.jpg,0,Beta
C:\Users\super\OneDrive - Wichita State University\Summer26\Homework1\images\input\Homework3\Fish\Beta\Bete_8.jpg,0,Beta
C:\Users\super\OneDrive - Wichita State University\Summer26\Homework1\images\input\Homework3\Fish\Guppy\Guppy_93.jpg,4,Guppy
C:\Users\super\OneDrive - Wichita State University\Summer26\Homework1\images\input\Homework3\Fish\Beta\Bete_46.jpg,0,Beta
C:\Users\super\OneDrive - Wichita State University\Summer26\Homework1\images\input\Homework3\Fish\Oscar\Oscar_142.jpg,5,Oscar
C:\Users\super\OneDrive - Wichita State University\Summer26\Homework1\images\input\Homework3\Fish\Oscar\Oscar_130.jpg,5,Oscar
C:\Users\super\OneDrive - Wichita State University\Summer26\Homework1\images\input\Homework3\Fish\Gold\Gold_90.jpg,3,Gold
C:\Users\super\OneDrive - Wichita State University\Summer26\Homework1\images\input\Homework3\Fish\Gold\Gold_115.jpg,3,Gold
C:\Users\super\OneDrive - Wichita State University\Summer26\Homework1\images\input\Homework3\Fish\Cray\Cray_22.jpg,1,Cray
C:\Users\super\OneDrive - Wichita State University\Summer26\Homework1\images\input\Homework3\Fish\Discuss\Discuss_150.png,2,Discuss
C:\Users\super\OneDrive - Wichita State University\Summer26\Homework1\images\input\Homework3\Fish\Guppy\Guppy_17.jpg,4,Guppy
C:\Users\super\OneDrive - Wichita State University\Summer26\Homework1\images\input\Homework3\Fish\Guppy\Guppy_92.jpg,4,Guppy
C:\Users\super\OneDrive - Wichita State University\Summer26\Homework1\images\input\Homework3\Fish\Gold\Gold_176.jpg,3,Gold
C:\Users\super\OneDrive - Wichita State University\Summer26\Homework1\images\input\Homework3\Fish\Beta\Bete_51.jpg,0,Beta
C:\Users\super\OneDrive - Wichita State University\Summer26\Homework1\images\input\Homework3\Fish\Beta\Bete_89.jpg,0,Beta
C:\Users\super\OneDrive - Wichita State University\Summer26\Homework1\images\input\Homework3\Fish\Oscar\Oscar_4.jpg,5,Oscar
C:\Users\super\OneDrive - Wichita State University\Summer26\Homework1\images\input\Homework3\Fish\Gold\Gold_84.jpg,3,Gold
C:\Users\super\OneDrive - Wichita State University\Summer26\Homework1\images\input\Homework3\Fish\Cray\Cray_2.jpg,1,Cray
C:\Users\super\OneDrive - Wichita State University\Summer26\Homework1\images\input\Homework3\Fish\Beta\Bete_186.jpg,0,Beta
C:\Users\super\OneDrive - Wichita State University\Summer26\Homework1\images\input\Homework3\Fish\Discuss\Discuss_175.jpg,2,Discuss
C:\Users\super\OneDrive - Wichita State University\Summer26\Homework1\images\input\Homework3\Fish\Discuss\Discuss_68.jpg,2,Discuss
C:\Users\super\OneDrive - Wichita State University\Summer26\Homework1\images\input\Homework3\Fish\Discuss\Discuss_61.jpg,2,Discuss
C:\Users\super\OneDrive - Wichita State University\Summer26\Homework1\images\input\Homework3\Fish\Discuss\Discuss_37.jpg,2,Discuss
C:\Users\super\OneDrive - Wichita State University\Summer26\Homework1\images\input\Homework3\Fish\Gold\Gold_179.jpg,3,Gold
C:\Users\super\OneDrive - Wichita State University\Summer26\Homework1\images\input\Homework3\Fish\Discuss\Discuss_183.jpg,2,Discuss
C:\Users\super\OneDrive - Wichita State University\Summer26\Homework1\images\input\Homework3\Fish\Discuss\Discuss_129.jpg,2,Discuss
C:\Users\super\OneDrive - Wichita State University\Summer26\Homework1\images\input\Homework3\Fish\Gold\Gold_175.jpg,3,Gold
C:\Users\super\OneDrive - Wichita State University\Summer26\Homework1\images\input\Homework3\Fish\Beta\Bete_103.jpg,0,Beta
C:\Users\super\OneDrive - Wichita State University\Summer26\Homework1\images\input\Homework3\Fish\Beta\Bete_25.jpg,0,Beta
C:\Users\super\OneDrive - Wichita State University\Summer26\Homework1\images\input\Homework3\Fish\Beta\Bete_107.jpg,0,Beta
C:\Users\super\OneDrive - Wichita State University\Summer26\Homework1\images\input\Homework3\Fish\Gold\Gold_167.jpg,3,Gold
C:\Users\super\OneDrive - Wichita State University\Summer26\Homework1\images\input\Homework3\Fish\Beta\Bete_52.jpg,0,Beta
C:\Users\super\OneDrive - Wichita State University\Summer26\Homework1\images\input\Homework3\Fish\Gold\Gold_164.jpg,3,Gold
C:\Users\super\OneDrive - Wichita State University\Summer26\Homework1\images\input\Homework3\Fish\Discuss\Discuss_72.jpg,2,Discuss
C:\Users\super\OneDrive - Wichita State University\Summer26\Homework1\images\input\Homework3\Fish\Discuss\Discuss_151.png,2,Discuss
C:\Users\super\OneDrive - Wichita State University\Summer26\Homework1\images\input\Homework3\Fish\Beta\Bete_184.jpg,0,Beta
C:\Users\super\OneDrive - Wichita State University\Summer26\Homework1\images\input\Homework3\Fish\Guppy\Guppy_54.jpg,4,Guppy
C:\Users\super\OneDrive - Wichita State University\Summer26\Homework1\images\input\Homework3\Fish\Beta\Bete_73.jpg,0,Beta
C:\Users\super\OneDrive - Wichita State University\Summer26\Homework1\images\input\Homework3\Fish\Guppy\Guppy_168.jpg,4,Guppy
C:\Users\super\OneDrive - Wichita State University\Summer26\Homework1\images\input\Homework3\Fish\Cray\Cray_66.jpg,1,Cray
C:\Users\super\OneDrive - Wichita State University\Summer26\Homework1\images\input\Homework3\Fish\Oscar\Oscar_134.jpg,5,Oscar
C:\Users\super\OneDrive - Wichita State University\Summer26\Homework1\images\input\Homework3\Fish\Beta\Bete_57.jpg,0,Beta
C:\Users\super\OneDrive - Wichita State University\Summer26\Homework1\images\input\Homework3\Fish\Discuss\Discuss_155.jpg,2,Discuss
C:\Users\super\OneDrive - Wichita State University\Summer26\Homework1\images\input\Homework3\Fish\Gold\Gold_5.jpg,3,Gold
C:\Users\super\OneDrive - Wichita State University\Summer26\Homework1\images\input\Homework3\Fish\Guppy\Guppy_178.jpg,4,Guppy
C:\Users\super\OneDrive - Wichita State University\Summer26\Homework1\images\input\Homework3\Fish\Gold\Gold_16.jpg,3,Gold
C:\Users\super\OneDrive - Wichita State University\Summer26\Homework1\images\input\Homework3\Fish\Gold\Gold_80.jpg,3,Gold
C:\Users\super\OneDrive - Wichita State University\Summer26\Homework1\images\input\Homework3\Fish\Beta\Bete_17.jpg,0,Beta
C:\Users\super\OneDrive - Wichita State University\Summer26\Homework1\images\input\Homework3\Fish\Discuss\Discuss_73.jpg,2,Discuss
C:\Users\super\OneDrive - Wichita State University\Summer26\Homework1\images\input\Homework3\Fish\Gold\Gold_89.jpg,3,Gold
C:\Users\super\OneDrive - Wichita State University\Summer26\Homework1\images\input\Homework3\Fish\Guppy\Guppy_30.jpg,4,Guppy
C:\Users\super\OneDrive - Wichita State University\Summer26\Homework1\images\input\Homework3\Fish\Discuss\Discuss_134.jpg,2,Discuss
C:\Users\super\OneDrive - Wichita State University\Summer26\Homework1\images\input\Homework3\Fish\Oscar\Oscar_144.png,5,Oscar
C:\Users\super\OneDrive - Wichita State University\Summer26\Homework1\images\input\Homework3\Fish\Discuss\Discuss_139.jpg,2,Discuss
C:\Users\super\OneDrive - Wichita State University\Summer26\Homework1\images\input\Homework3\Fish\Oscar\Oscar_57.jpg,5,Oscar
C:\Users\super\OneDrive - Wichita State University\Summer26\Homework1\images\input\Homework3\Fish\Beta\Bete_31.jpg,0,Beta
C:\Users\super\OneDrive - Wichita State University\Summer26\Homework1\images\input\Homework3\Fish\Oscar\Oscar_133.png,5,Oscar
C:\Users\super\OneDrive - Wichita State University\Summer26\Homework1\images\input\Homework3\Fish\Beta\Bete_175.jpg,0,Beta
C:\Users\super\OneDrive - Wichita State University\Summer26\Homework1\images\input\Homework3\Fish\Gold\Gold_154.jpg,3,Gold
C:\Users\super\OneDrive - Wichita State University\Summer26\Homework1\images\input\Homework3\Fish\Discuss\Discuss_169.jpg,2,Discuss
C:\Users\super\OneDrive - Wichita State University\Summer26\Homework1\images\input\Homework3\Fish\Guppy\Guppy_19.jpg,4,Guppy
C:\Users\super\OneDrive - Wichita State University\Summer26\Homework1\images\input\Homework3\Fish\Discuss\Discuss_156.jpg,2,Discuss
C:\Users\super\OneDrive - Wichita State University\Summer26\Homework1\images\input\Homework3\Fish\Oscar\Oscar_88.jpg,5,Oscar
C:\Users\super\OneDrive - Wichita State University\Summer26\Homework1\images\input\Homework3\Fish\Gold\Gold_126.jpg,3,Gold
C:\Users\super\OneDrive - Wichita State University\Summer26\Homework1\images\input\Homework3\Fish\Discuss\Discuss_190.jpg,2,Discuss
C:\Users\super\OneDrive - Wichita State University\Summer26\Homework1\images\input\Homework3\Fish\Discuss\Discuss_121.jpg,2,Discuss
C:\Users\super\OneDrive - Wichita State University\Summer26\Homework1\images\input\Homework3\Fish\Gold\Gold_96.jpg,3,Gold
C:\Users\super\OneDrive - Wichita State University\Summer26\Homework1\images\input\Homework3\Fish\Beta\Bete_113.jpg,0,Beta
C:\Users\super\OneDrive - Wichita State University\Summer26\Homework1\images\input\Homework3\Fish\Beta\Bete_129.jpg,0,Beta
C:\Users\super\OneDrive - Wichita State University\Summer26\Homework1\images\input\Homework3\Fish\Cray\Cray_39.jpg,1,Cray
C:\Users\super\OneDrive - Wichita State University\Summer26\Homework1\images\input\Homework3\Fish\Guppy\Guppy_171.jpg,4,Guppy
C:\Users\super\OneDrive - Wichita State University\Summer26\Homework1\images\input\Homework3\Fish\Beta\Bete_77.jpg,0,Beta
C:\Users\super\OneDrive - Wichita State University\Summer26\Homework1\images\input\Homework3\Fish\Gold\Gold_32.jpg,3,Gold
C:\Users\super\OneDrive - Wichita State University\Summer26\Homework1\images\input\Homework3\Fish\Gold\Gold_205.jpg,3,Gold
C:\Users\super\OneDrive - Wichita State University\Summer26\Homework1\images\input\Homework3\Fish\Beta\Bete_121.jpg,0,Beta
C:\Users\super\OneDrive - Wichita State University\Summer26\Homework1\images\input\Homework3\Fish\Cray\Cray_33.jpg,1,Cray
C:\Users\super\OneDrive - Wichita State University\Summer26\Homework1\images\input\Homework3\Fish\Beta\Bete_63.jpg,0,Beta
C:\Users\super\OneDrive - Wichita State University\Summer26\Homework1\images\input\Homework3\Fish\Cray\Cray_61.jpg,1,Cray
C:\Users\super\OneDrive - Wichita State University\Summer26\Homework1\images\input\Homework3\Fish\Guppy\Guppy_96.jpg,4,Guppy
C:\Users\super\OneDrive - Wichita State University\Summer26\Homework1\images\input\Homework3\Fish\Discuss\Discuss_187.jpg,2,Discuss
C:\Users\super\OneDrive - Wichita State University\Summer26\Homework1\images\input\Homework3\Fish\Discuss\Discuss_75.jpg,2,Discuss
C:\Users\super\OneDrive - Wichita State University\Summer26\Homework1\images\input\Homework3\Fish\Beta\Bete_149.jpg,0,Beta
C:\Users\super\OneDrive - Wichita State University\Summer26\Homework1\images\input\Homework3\Fish\Guppy\Guppy_180.jpg,4,Guppy
C:\Users\super\OneDrive - Wichita State University\Summer26\Homework1\images\input\Homework3\Fish\Guppy\Guppy_132.jpg,4,Guppy
C:\Users\super\OneDrive - Wichita State University\Summer26\Homework1\images\input\Homework3\Fish\Cray\Cray_3.jpg,1,Cray
C:\Users\super\OneDrive - Wichita State University\Summer26\Homework1\images\input\Homework3\Fish\Oscar\Oscar_140.png,5,Oscar
C:\Users\super\OneDrive - Wichita State University\Summer26\Homework1\images\input\Homework3\Fish\Gold\Gold_120.jpg,3,Gold
C:\Users\super\OneDrive - Wichita State University\Summer26\Homework1\images\input\Homework3\Fish\Guppy\Guppy_141.jpg,4,Guppy
C:\Users\super\OneDrive - Wichita State University\Summer26\Homework1\images\input\Homework3\Fish\Beta\Bete_134.jpg,0,Beta
C:\Users\super\OneDrive - Wichita State University\Summer26\Homework1\images\input\Homework3\Fish\Discuss\Discuss_110.jpg,2,Discuss
C:\Users\super\OneDrive - Wichita State University\Summer26\Homework1\images\input\Homework3\Fish\Oscar\Oscar_17.jpg,5,Oscar
C:\Users\super\OneDrive - Wichita State University\Summer26\Homework1\images\input\Homework3\Fish\Beta\Bete_7.jpg,0,Beta
C:\Users\super\OneDrive - Wichita State University\Summer26\Homework1\images\input\Homework3\Fish\Beta\Bete_155.jpg,0,Beta
C:\Users\super\OneDrive - Wichita State University\Summer26\Homework1\images\input\Homework3\Fish\Guppy\Guppy_158.jpg,4,Guppy
C:\Users\super\OneDrive - Wichita State University\Summer26\Homework1\images\input\Homework3\Fish\Guppy\Guppy_120.jpg,4,Guppy
C:\Users\super\OneDrive - Wichita State University\Summer26\Homework1\images\input\Homework3\Fish\Oscar\Oscar_48.jpg,5,Oscar
C:\Users\super\OneDrive - Wichita State University\Summer26\Homework1\images\input\Homework3\Fish\Discuss\Discuss_171.jpg,2,Discuss
C:\Users\super\OneDrive - Wichita State University\Summer26\Homework1\images\input\Homework3\Fish\Discuss\Discuss_1.jpg,2,Discuss
C:\Users\super\OneDrive - Wichita State University\Summer26\Homework1\images\input\Homework3\Fish\Beta\Bete_168.jpg,0,Beta
C:\Users\super\OneDrive - Wichita State University\Summer26\Homework1\images\input\Homework3\Fish\Discuss\Discuss_120.jpg,2,Discuss
C:\Users\super\OneDrive - Wichita State University\Summer26\Homework1\images\input\Homework3\Fish\Gold\Gold_197.jpg,3,Gold
C:\Users\super\OneDrive - Wichita State University\Summer26\Homework1\images\input\Homework3\Fish\Guppy\Guppy_15.jpg,4,Guppy
C:\Users\super\OneDrive - Wichita State University\Summer26\Homework1\images\input\Homework3\Fish\Beta\Bete_112.jpg,0,Beta
C:\Users\super\OneDrive - Wichita State University\Summer26\Homework1\images\input\Homework3\Fish\Gold\Gold_156.jpg,3,Gold
C:\Users\super\OneDrive - Wichita State University\Summer26\Homework1\images\input\Homework3\Fish\Oscar\Oscar_92.jpg,5,Oscar
C:\Users\super\OneDrive - Wichita State University\Summer26\Homework1\images\input\Homework3\Fish\Cray\Cray_51.jpg,1,Cray
C:\Users\super\OneDrive - Wichita State University\Summer26\Homework1\images\input\Homework3\Fish\Guppy\Guppy_189.jpg,4,Guppy
C:\Users\super\OneDrive - Wichita State University\Summer26\Homework1\images\input\Homework3\Fish\Guppy\Guppy_97.jpg,4,Guppy
C:\Users\super\OneDrive - Wichita State University\Summer26\Homework1\images\input\Homework3\Fish\Beta\Bete_123.jpg,0,Beta
C:\Users\super\OneDrive - Wichita State University\Summer26\Homework1\images\input\Homework3\Fish\Gold\Gold_82.jpg,3,Gold
C:\Users\super\OneDrive - Wichita State University\Summer26\Homework1\images\input\Homework3\Fish\Cray\Cray_65.jpg,1,Cray
C:\Users\super\OneDrive - Wichita State University\Summer26\Homework1\images\input\Homework3\Fish\Gold\Gold_199.jpg,3,Gold
C:\Users\super\OneDrive - Wichita State University\Summer26\Homework1\images\input\Homework3\Fish\Beta\Bete_125.jpg,0,Beta
C:\Users\super\OneDrive - Wichita State University\Summer26\Homework1\images\input\Homework3\Fish\Discuss\Discuss_193.jpg,2,Discuss
C:\Users\super\OneDrive - Wichita State University\Summer26\Homework1\images\input\Homework3\Fish\Discuss\Discuss_86.jpg,2,Discuss
C:\Users\super\OneDrive - Wichita State University\Summer26\Homework1\images\input\Homework3\Fish\Beta\Bete_56.jpg,0,Beta
C:\Users\super\OneDrive - Wichita State University\Summer26\Homework1\images\input\Homework3\Fish\Beta\Bete_12.jpg,0,Beta
C:\Users\super\OneDrive - Wichita State University\Summer26\Homework1\images\input\Homework3\Fish\Guppy\Guppy_5.jpg,4,Guppy
C:\Users\super\OneDrive - Wichita State University\Summer26\Homework1\images\input\Homework3\Fish\Discuss\Discuss_162.jpg,2,Discuss
C:\Users\super\OneDrive - Wichita State University\Summer26\Homework1\images\input\Homework3\Fish\Cray\Cray_7.jpg,1,Cray
C:\Users\super\OneDrive - Wichita State University\Summer26\Homework1\images\input\Homework3\Fish\Guppy\Guppy_80.jpg,4,Guppy
C:\Users\super\OneDrive - Wichita State University\Summer26\Homework1\images\input\Homework3\Fish\Beta\Bete_26.jpg,0,Beta
C:\Users\super\OneDrive - Wichita State University\Summer26\Homework1\images\input\Homework3\Fish\Beta\Bete_97.jpg,0,Beta
C:\Users\super\OneDrive - Wichita State University\Summer26\Homework1\images\input\Homework3\Fish\Gold\Gold_67.jpg,3,Gold
C:\Users\super\OneDrive - Wichita State University\Summer26\Homework1\images\input\Homework3\Fish\Cray\Cray_12.jpg,1,Cray
C:\Users\super\OneDrive - Wichita State University\Summer26\Homework1\images\input\Homework3\Fish\Discuss\Discuss_177.jpg,2,Discuss
C:\Users\super\OneDrive - Wichita State University\Summer26\Homework1\images\input\Homework3\Fish\Gold\Gold_119.jpg,3,Gold
C:\Users\super\OneDrive - Wichita State University\Summer26\Homework1\images\input\Homework3\Fish\Gold\Gold_3.jpg,3,Gold
C:\Users\super\OneDrive - Wichita State University\Summer26\Homework1\images\input\Homework3\Fish\Discuss\Discuss_47.jpg,2,Discuss
C:\Users\super\OneDrive - Wichita State University\Summer26\Homework1\images\input\Homework3\Fish\Guppy\Guppy_91.jpg,4,Guppy
C:\Users\super\OneDrive - Wichita State University\Summer26\Homework1\images\input\Homework3\Fish\Beta\Bete_167.jpg,0,Beta
C:\Users\super\OneDrive - Wichita State University\Summer26\Homework1\images\input\Homework3\Fish\Discuss\Discuss_119.jpg,2,Discuss
C:\Users\super\OneDrive - Wichita State University\Summer26\Homework1\images\input\Homework3\Fish\Gold\Gold_65.jpg,3,Gold
C:\Users\super\OneDrive - Wichita State University\Summer26\Homework1\images\input\Homework3\Fish\Discuss\Discuss_58.jpg,2,Discuss
C:\Users\super\OneDrive - Wichita State University\Summer26\Homework1\images\input\Homework3\Fish\Oscar\Oscar_124.jpg,5,Oscar
C:\Users\super\OneDrive - Wichita State University\Summer26\Homework1\images\input\Homework3\Fish\Discuss\Discuss_88.jpg,2,Discuss
C:\Users\super\OneDrive - Wichita State University\Summer26\Homework1\images\input\Homework3\Fish\Guppy\Guppy_165.jpg,4,Guppy
C:\Users\super\OneDrive - Wichita State University\Summer26\Homework1\images\input\Homework3\Fish\Gold\Gold_204.jpg,3,Gold
C:\Users\super\OneDrive - Wichita State University\Summer26\Homework1\images\input\Homework3\Fish\Oscar\Oscar_41.jpg,5,Oscar
C:\Users\super\OneDrive - Wichita State University\Summer26\Homework1\images\input\Homework3\Fish\Gold\Gold_48.jpg,3,Gold
C:\Users\super\OneDrive - Wichita State University\Summer26\Homework1\images\input\Homework3\Fish\Gold\Gold_192.jpg,3,Gold
C:\Users\super\OneDrive - Wichita State University\Summer26\Homework1\images\input\Homework3\Fish\Cray\Cray_20.jpg,1,Cray
C:\Users\super\OneDrive - Wichita State University\Summer26\Homework1\images\input\Homework3\Fish\Gold\Gold_85.jpg,3,Gold
C:\Users\super\OneDrive - Wichita State University\Summer26\Homework1\images\input\Homework3\Fish\Beta\Bete_36.jpg,0,Beta
C:\Users\super\OneDrive - Wichita State University\Summer26\Homework1\images\input\Homework3\Fish\Beta\Bete_137.jpg,0,Beta
C:\Users\super\OneDrive - Wichita State University\Summer26\Homework1\images\input\Homework3\Fish\Gold\Gold_2.jpg,3,Gold
C:\Users\super\OneDrive - Wichita State University\Summer26\Homework1\images\input\Homework3\Fish\Cray\Cray_40.jpg,1,Cray
C:\Users\super\OneDrive - Wichita State University\Summer26\Homework1\images\input\Homework3\Fish\Beta\Bete_11.jpg,0,Beta
C:\Users\super\OneDrive - Wichita State University\Summer26\Homework1\images\input\Homework3\Fish\Discuss\Discuss_111.jpg,2,Discuss
C:\Users\super\OneDrive - Wichita State University\Summer26\Homework1\images\input\Homework3\Fish\Cray\Cray_71.jpg,1,Cray
C:\Users\super\OneDrive - Wichita State University\Summer26\Homework1\images\input\Homework3\Fish\Cray\Cray_53.jpg,1,Cray
C:\Users\super\OneDrive - Wichita State University\Summer26\Homework1\images\input\Homework3\Fish\Guppy\Guppy_10.jpg,4,Guppy
C:\Users\super\OneDrive - Wichita State University\Summer26\Homework1\images\input\Homework3\Fish\Cray\Cray_74.jpg,1,Cray
C:\Users\super\OneDrive - Wichita State University\Summer26\Homework1\images\input\Homework3\Fish\Beta\Bete_67.jpg,0,Beta
C:\Users\super\OneDrive - Wichita State University\Summer26\Homework1\images\input\Homework3\Fish\Guppy\Guppy_39.jpg,4,Guppy
C:\Users\super\OneDrive - Wichita State University\Summer26\Homework1\images\input\Homework3\Fish\Oscar\Oscar_115.png,5,Oscar
C:\Users\super\OneDrive - Wichita State University\Summer26\Homework1\images\input\Homework3\Fish\Guppy\Guppy_56.jpg,4,Guppy
C:\Users\super\OneDrive - Wichita State University\Summer26\Homework1\images\input\Homework3\Fish\Gold\Gold_7.jpg,3,Gold
C:\Users\super\OneDrive - Wichita State University\Summer26\Homework1\images\input\Homework3\Fish\Gold\Gold_122.jpg,3,Gold
C:\Users\super\OneDrive - Wichita State University\Summer26\Homework1\images\input\Homework3\Fish\Gold\Gold_75.jpg,3,Gold
C:\Users\super\OneDrive - Wichita State University\Summer26\Homework1\images\input\Homework3\Fish\Oscar\Oscar_31.jpg,5,Oscar
C:\Users\super\OneDrive - Wichita State University\Summer26\Homework1\images\input\Homework3\Fish\Gold\Gold_169.jpg,3,Gold
C:\Users\super\OneDrive - Wichita State University\Summer26\Homework1\images\input\Homework3\Fish\Beta\Bete_180.jpg,0,Beta
C:\Users\super\OneDrive - Wichita State University\Summer26\Homework1\images\input\Homework3\Fish\Guppy\Guppy_117.jpg,4,Guppy
C:\Users\super\OneDrive - Wichita State University\Summer26\Homework1\images\input\Homework3\Fish\Discuss\Discuss_91.jpg,2,Discuss
C:\Users\super\OneDrive - Wichita State University\Summer26\Homework1\images\input\Homework3\Fish\Oscar\Oscar_19.jpg,5,Oscar
C:\Users\super\OneDrive - Wichita State University\Summer26\Homework1\images\input\Homework3\Fish\Beta\Bete_21.jpg,0,Beta
C:\Users\super\OneDrive - Wichita State University\Summer26\Homework1\images\input\Homework3\Fish\Discuss\Discuss_18.jpg,2,Discuss
C:\Users\super\OneDrive - Wichita State University\Summer26\Homework1\images\input\Homework3\Fish\Gold\Gold_102.jpg,3,Gold
C:\Users\super\OneDrive - Wichita State University\Summer26\Homework1\images\input\Homework3\Fish\Discuss\Discuss_108.jpg,2,Discuss
C:\Users\super\OneDrive - Wichita State University\Summer26\Homework1\images\input\Homework3\Fish\Cray\Cray_46.jpg,1,Cray
C:\Users\super\OneDrive - Wichita State University\Summer26\Homework1\images\input\Homework3\Fish\Discuss\Discuss_106.jpg,2,Discuss
C:\Users\super\OneDrive - Wichita State University\Summer26\Homework1\images\input\Homework3\Fish\Gold\Gold_114.jpg,3,Gold
C:\Users\super\OneDrive - Wichita State University\Summer26\Homework1\images\input\Homework3\Fish\Gold\Gold_64.jpg,3,Gold
C:\Users\super\OneDrive - Wichita State University\Summer26\Homework1\images\input\Homework3\Fish\Guppy\Guppy_4.jpg,4,Guppy
C:\Users\super\OneDrive - Wichita State University\Summer26\Homework1\images\input\Homework3\Fish\Beta\Bete_49.jpg,0,Beta
C:\Users\super\OneDrive - Wichita State University\Summer26\Homework1\images\input\Homework3\Fish\Cray\Cray_27.jpg,1,Cray
C:\Users\super\OneDrive - Wichita State University\Summer26\Homework1\images\input\Homework3\Fish\Oscar\Oscar_108.jpg,5,Oscar
C:\Users\super\OneDrive - Wichita State University\Summer26\Homework1\images\input\Homework3\Fish\Oscar\Oscar_36.jpg,5,Oscar
C:\Users\super\OneDrive - Wichita State University\Summer26\Homework1\images\input\Homework3\Fish\Gold\Gold_161.jpg,3,Gold
C:\Users\super\OneDrive - Wichita State University\Summer26\Homework1\images\input\Homework3\Fish\Gold\Gold_94.jpg,3,Gold
C:\Users\super\OneDrive - Wichita State University\Summer26\Homework1\images\input\Homework3\Fish\Discuss\Discuss_152.jpg,2,Discuss
C:\Users\super\OneDrive - Wichita State University\Summer26\Homework1\images\input\Homework3\Fish\Oscar\Oscar_27.jpg,5,Oscar
C:\Users\super\OneDrive - Wichita State University\Summer26\Homework1\images\input\Homework3\Fish\Gold\Gold_9.jpg,3,Gold
C:\Users\super\OneDrive - Wichita State University\Summer26\Homework1\images\input\Homework3\Fish\Beta\Bete_126.jpg,0,Beta
C:\Users\super\OneDrive - Wichita State University\Summer26\Homework1\images\input\Homework3\Fish\Beta\Bete_193.jpg,0,Beta
C:\Users\super\OneDrive - Wichita State University\Summer26\Homework1\images\input\Homework3\Fish\Gold\Gold_103.jpg,3,Gold
C:\Users\super\OneDrive - Wichita State University\Summer26\Homework1\images\input\Homework3\Fish\Guppy\Guppy_147.jpg,4,Guppy
C:\Users\super\OneDrive - Wichita State University\Summer26\Homework1\images\input\Homework3\Fish\Beta\Bete_37.jpg,0,Beta
C:\Users\super\OneDrive - Wichita State University\Summer26\Homework1\images\input\Homework3\Fish\Beta\Bete_141.jpg,0,Beta
C:\Users\super\OneDrive - Wichita State University\Summer26\Homework1\images\input\Homework3\Fish\Beta\Bete_194.jpg,0,Beta
C:\Users\super\OneDrive - Wichita State University\Summer26\Homework1\images\input\Homework3\Fish\Oscar\Oscar_24.jpg,5,Oscar
C:\Users\super\OneDrive - Wichita State University\Summer26\Homework1\images\input\Homework3\Fish\Gold\Gold_144.jpg,3,Gold
C:\Users\super\OneDrive - Wichita State University\Summer26\Homework1\images\input\Homework3\Fish\Gold\Gold_173.jpg,3,Gold
C:\Users\super\OneDrive - Wichita State University\Summer26\Homework1\images\input\Homework3\Fish\Oscar\Oscar_5.jpg,5,Oscar
C:\Users\super\OneDrive - Wichita State University\Summer26\Homework1\images\input\Homework3\Fish\Oscar\Oscar_110.jpg,5,Oscar
C:\Users\super\OneDrive - Wichita State University\Summer26\Homework1\images\input\Homework3\Fish\Discuss\Discuss_126.jpg,2,Discuss
C:\Users\super\OneDrive - Wichita State University\Summer26\Homework1\images\input\Homework3\Fish\Oscar\Oscar_98.jpg,5,Oscar
C:\Users\super\OneDrive - Wichita State University\Summer26\Homework1\images\input\Homework3\Fish\Cray\Cray_16.jpg,1,Cray
C:\Users\super\OneDrive - Wichita State University\Summer26\Homework1\images\input\Homework3\Fish\Discuss\Discuss_17.jpg,2,Discuss
C:\Users\super\OneDrive - Wichita State University\Summer26\Homework1\images\input\Homework3\Fish\Gold\Gold_100.jpg,3,Gold
C:\Users\super\OneDrive - Wichita State University\Summer26\Homework1\images\input\Homework3\Fish\Gold\Gold_168.jpg,3,Gold
C:\Users\super\OneDrive - Wichita State University\Summer26\Homework1\images\input\Homework3\Fish\Discuss\Discuss_44.jpg,2,Discuss
C:\Users\super\OneDrive - Wichita State University\Summer26\Homework1\images\input\Homework3\Fish\Gold\Gold_142.jpg,3,Gold
C:\Users\super\OneDrive - Wichita State University\Summer26\Homework1\images\input\Homework3\Fish\Oscar\Oscar_61.jpg,5,Oscar
C:\Users\super\OneDrive - Wichita State University\Summer26\Homework1\images\input\Homework3\Fish\Beta\Bete_147.jpg,0,Beta
C:\Users\super\OneDrive - Wichita State University\Summer26\Homework1\images\input\Homework3\Fish\Oscar\Oscar_78.jpg,5,Oscar
C:\Users\super\OneDrive - Wichita State University\Summer26\Homework1\images\input\Homework3\Fish\Oscar\Oscar_143.png,5,Oscar
C:\Users\super\OneDrive - Wichita State University\Summer26\Homework1\images\input\Homework3\Fish\Beta\Bete_90.jpg,0,Beta
C:\Users\super\OneDrive - Wichita State University\Summer26\Homework1\images\input\Homework3\Fish\Beta\Bete_4.jpg,0,Beta
C:\Users\super\OneDrive - Wichita State University\Summer26\Homework1\images\input\Homework3\Fish\Discuss\Discuss_3.jpg,2,Discuss
C:\Users\super\OneDrive - Wichita State University\Summer26\Homework1\images\input\Homework3\Fish\Discuss\Discuss_116.jpg,2,Discuss
C:\Users\super\OneDrive - Wichita State University\Summer26\Homework1\images\input\Homework3\Fish\Oscar\Oscar_2.jpg,5,Oscar
C:\Users\super\OneDrive - Wichita State University\Summer26\Homework1\images\input\Homework3\Fish\Beta\Bete_108.jpg,0,Beta
C:\Users\super\OneDrive - Wichita State University\Summer26\Homework1\images\input\Homework3\Fish\Oscar\Oscar_70.jpg,5,Oscar
C:\Users\super\OneDrive - Wichita State University\Summer26\Homework1\images\input\Homework3\Fish\Beta\Bete_138.jpg,0,Beta
C:\Users\super\OneDrive - Wichita State University\Summer26\Homework1\images\input\Homework3\Fish\Discuss\Discuss_97.jpg,2,Discuss
C:\Users\super\OneDrive - Wichita State University\Summer26\Homework1\images\input\Homework3\Fish\Beta\Bete_130.jpg,0,Beta
C:\Users\super\OneDrive - Wichita State University\Summer26\Homework1\images\input\Homework3\Fish\Oscar\Oscar_91.jpg,5,Oscar
C:\Users\super\OneDrive - Wichita State University\Summer26\Homework1\images\input\Homework3\Fish\Discuss\Discuss_163.jpg,2,Discuss
C:\Users\super\OneDrive - Wichita State University\Summer26\Homework1\images\input\Homework3\Fish\Oscar\Oscar_22.jpg,5,Oscar
C:\Users\super\OneDrive - Wichita State University\Summer26\Homework1\images\input\Homework3\Fish\Oscar\Oscar_6.jpg,5,Oscar
C:\Users\super\OneDrive - Wichita State University\Summer26\Homework1\images\input\Homework3\Fish\Oscar\Oscar_1.jpg,5,Oscar
C:\Users\super\OneDrive - Wichita State University\Summer26\Homework1\images\input\Homework3\Fish\Discuss\Discuss_149.jpg,2,Discuss
C:\Users\super\OneDrive - Wichita State University\Summer26\Homework1\images\input\Homework3\Fish\Discuss\Discuss_124.jpg,2,Discuss
C:\Users\super\OneDrive - Wichita State University\Summer26\Homework1\images\input\Homework3\Fish\Cray\Cray_45.jpg,1,Cray
C:\Users\super\OneDrive - Wichita State University\Summer26\Homework1\images\input\Homework3\Fish\Beta\Bete_170.jpg,0,Beta
C:\Users\super\OneDrive - Wichita State University\Summer26\Homework1\images\input\Homework3\Fish\Oscar\Oscar_87.jpg,5,Oscar
C:\Users\super\OneDrive - Wichita State University\Summer26\Homework1\images\input\Homework3\Fish\Guppy\Guppy_41.png,4,Guppy
C:\Users\super\OneDrive - Wichita State University\Summer26\Homework1\images\input\Homework3\Fish\Guppy\Guppy_53.jpg,4,Guppy
C:\Users\super\OneDrive - Wichita State University\Summer26\Homework1\images\input\Homework3\Fish\Guppy\Guppy_113.jpg,4,Guppy
C:\Users\super\OneDrive - Wichita State University\Summer26\Homework1\images\input\Homework3\Fish\Discuss\Discuss_56.jpg,2,Discuss
C:\Users\super\OneDrive - Wichita State University\Summer26\Homework1\images\input\Homework3\Fish\Discuss\Discuss_85.jpg,2,Discuss
C:\Users\super\OneDrive - Wichita State University\Summer26\Homework1\images\input\Homework3\Fish\Oscar\Oscar_132.jpg,5,Oscar
C:\Users\super\OneDrive - Wichita State University\Summer26\Homework1\images\input\Homework3\Fish\Gold\Gold_76.jpg,3,Gold
C:\Users\super\OneDrive - Wichita State University\Summer26\Homework1\images\input\Homework3\Fish\Beta\Bete_88.jpg,0,Beta
C:\Users\super\OneDrive - Wichita State University\Summer26\Homework1\images\input\Homework3\Fish\Gold\Gold_136.jpg,3,Gold
C:\Users\super\OneDrive - Wichita State University\Summer26\Homework1\images\input\Homework3\Fish\Guppy\Guppy_112.jpg,4,Guppy
C:\Users\super\OneDrive - Wichita State University\Summer26\Homework1\images\input\Homework3\Fish\Cray\Cray_73.jpg,1,Cray
C:\Users\super\OneDrive - Wichita State University\Summer26\Homework1\images\input\Homework3\Fish\Gold\Gold_46.jpg,3,Gold
C:\Users\super\OneDrive - Wichita State University\Summer26\Homework1\images\input\Homework3\Fish\Discuss\Discuss_34.jpg,2,Discuss
C:\Users\super\OneDrive - Wichita State University\Summer26\Homework1\images\input\Homework3\Fish\Gold\Gold_11.jpg,3,Gold
C:\Users\super\OneDrive - Wichita State University\Summer26\Homework1\images\input\Homework3\Fish\Discuss\Discuss_112.png,2,Discuss
C:\Users\super\OneDrive - Wichita State University\Summer26\Homework1\images\input\Homework3\Fish\Oscar\Oscar_94.jpg,5,Oscar
C:\Users\super\OneDrive - Wichita State University\Summer26\Homework1\images\input\Homework3\Fish\Oscar\Oscar_32.jpg,5,Oscar
C:\Users\super\OneDrive - Wichita State University\Summer26\Homework1\images\input\Homework3\Fish\Beta\Bete_72.jpg,0,Beta
C:\Users\super\OneDrive - Wichita State University\Summer26\Homework1\images\input\Homework3\Fish\Guppy\Guppy_11.jpg,4,Guppy
C:\Users\super\OneDrive - Wichita State University\Summer26\Homework1\images\input\Homework3\Fish\Gold\Gold_146.jpg,3,Gold
C:\Users\super\OneDrive - Wichita State University\Summer26\Homework1\images\input\Homework3\Fish\Guppy\Guppy_137.jpg,4,Guppy
C:\Users\super\OneDrive - Wichita State University\Summer26\Homework1\images\input\Homework3\Fish\Cray\Cray_32.jpg,1,Cray
C:\Users\super\OneDrive - Wichita State University\Summer26\Homework1\images\input\Homework3\Fish\Gold\Gold_183.jpg,3,Gold
C:\Users\super\OneDrive - Wichita State University\Summer26\Homework1\images\input\Homework3\Fish\Guppy\Guppy_86.jpg,4,Guppy
C:\Users\super\OneDrive - Wichita State University\Summer26\Homework1\images\input\Homework3\Fish\Oscar\Oscar_60.jpg,5,Oscar
C:\Users\super\OneDrive - Wichita State University\Summer26\Homework1\images\input\Homework3\Fish\Discuss\Discuss_27.jpg,2,Discuss
C:\Users\super\OneDrive - Wichita State University\Summer26\Homework1\images\input\Homework3\Fish\Beta\Bete_165.jpg,0,Beta
C:\Users\super\OneDrive - Wichita State University\Summer26\Homework1\images\input\Homework3\Fish\Beta\Bete_157.jpg,0,Beta
C:\Users\super\OneDrive - Wichita State University\Summer26\Homework1\images\input\Homework3\Fish\Oscar\Oscar_63.jpg,5,Oscar
C:\Users\super\OneDrive - Wichita State University\Summer26\Homework1\images\input\Homework3\Fish\Guppy\Guppy_16.jpg,4,Guppy
C:\Users\super\OneDrive - Wichita State University\Summer26\Homework1\images\input\Homework3\Fish\Discuss\Discuss_179.jpg,2,Discuss
C:\Users\super\OneDrive - Wichita State University\Summer26\Homework1\images\input\Homework3\Fish\Cray\Cray_42.jpg,1,Cray
C:\Users\super\OneDrive - Wichita State University\Summer26\Homework1\images\input\Homework3\Fish\Oscar\Oscar_46.jpg,5,Oscar
C:\Users\super\OneDrive - Wichita State University\Summer26\Homework1\images\input\Homework3\Fish\Cray\Cray_54.jpg,1,Cray
C:\Users\super\OneDrive - Wichita State University\Summer26\Homework1\images\input\Homework3\Fish\Guppy\Guppy_76.jpg,4,Guppy
C:\Users\super\OneDrive - Wichita State University\Summer26\Homework1\images\input\Homework3\Fish\Beta\Bete_159.jpg,0,Beta
C:\Users\super\OneDrive - Wichita State University\Summer26\Homework1\images\input\Homework3\Fish\Gold\Gold_134.jpg,3,Gold
C:\Users\super\OneDrive - Wichita State University\Summer26\Homework1\images\input\Homework3\Fish\Oscar\Oscar_114.jpg,5,Oscar
C:\Users\super\OneDrive - Wichita State University\Summer26\Homework1\images\input\Homework3\Fish\Oscar\Oscar_49.jpg,5,Oscar
C:\Users\super\OneDrive - Wichita State University\Summer26\Homework1\images\input\Homework3\Fish\Guppy\Guppy_43.png,4,Guppy
C:\Users\super\OneDrive - Wichita State University\Summer26\Homework1\images\input\Homework3\Fish\Oscar\Oscar_33.jpg,5,Oscar
C:\Users\super\OneDrive - Wichita State University\Summer26\Homework1\images\input\Homework3\Fish\Discuss\Discuss_15.jpg,2,Discuss
C:\Users\super\OneDrive - Wichita State University\Summer26\Homework1\images\input\Homework3\Fish\Discuss\Discuss_104.jpg,2,Discuss
C:\Users\super\OneDrive - Wichita State University\Summer26\Homework1\images\input\Homework3\Fish\Gold\Gold_153.jpg,3,Gold
C:\Users\super\OneDrive - Wichita State University\Summer26\Homework1\images\input\Homework3\Fish\Beta\Bete_102.jpg,0,Beta
C:\Users\super\OneDrive - Wichita State University\Summer26\Homework1\images\input\Homework3\Fish\Beta\Bete_34.jpg,0,Beta
C:\Users\super\OneDrive - Wichita State University\Summer26\Homework1\images\input\Homework3\Fish\Guppy\Guppy_183.jpg,4,Guppy
C:\Users\super\OneDrive - Wichita State University\Summer26\Homework1\images\input\Homework3\Fish\Beta\Bete_101.jpg,0,Beta
C:\Users\super\OneDrive - Wichita State University\Summer26\Homework1\images\input\Homework3\Fish\Guppy\Guppy_145.jpg,4,Guppy
C:\Users\super\OneDrive - Wichita State University\Summer26\Homework1\images\input\Homework3\Fish\Gold\Gold_202.jpg,3,Gold
C:\Users\super\OneDrive - Wichita State University\Summer26\Homework1\images\input\Homework3\Fish\Beta\Bete_91.jpg,0,Beta
C:\Users\super\OneDrive - Wichita State University\Summer26\Homework1\images\input\Homework3\Fish\Gold\Gold_91.jpg,3,Gold
